product_id,quantity,supplier,supplier_contact
1,166,Astra,restock.astra@gmail.com
2,435,NeoTech,order@neotechsolutions.com
3,287,Acme,restock.acme123@outlook.com
4,319,Nimbus,replenish.nimbus@cloudmail.net
5,468,Astra,restock.astra@gmail.com
6,417,NeoTech,order@neotechsolutions.com
7,320,Zenith,supply.zenith@zenithworks.com
8,199,Everest,order.everest@businessmail.com
9,149,Harbor,restock.habor99@yahoo.com
10,308,Orion,restock@orionteam.com
11,413,GreenLeaf,orders.greenleaf@naturemail.com
12,179,GreenLeaf,orders.greenleaf@naturemail.com
13,332,Harbor,restock.habor99@yahoo.com
14,342,Astra,restock.astra@gmail.com
15,417,GreenLeaf,orders.greenleaf@naturemail.com
16,387,Zenith,supply.zenith@zenithworks.com
17,260,Solace,replenish.solace@wellnesshub.com
18,430,Solace,replenish.solace@wellnesshub.com
19,147,Acme,restock.acme123@outlook.com
20,432,Nimbus,replenish.nimbus@cloudmail.net
21,263,Willow,orders.willow@treehouse.com
22,427,Nimbus,replenish.nimbus@cloudmail.net
23,351,Harbor,restock.habor99@yahoo.com
24,294,Harbor,restock.habor99@yahoo.com
25,138,Zenith,supply.zenith@zenithworks.com
26,198,Pulse,supply.pulse@serviceprovider.com
27,233,Willow,orders.willow@treehouse.com
28,151,Astra,restock.astra@gmail.com
29,173,Solace,replenish.solace@wellnesshub.com
30,461,Willow,orders.willow@treehouse.com
31,153,Pulse,supply.pulse@serviceprovider.com
32,371,Orion,restock@orionteam.com
33,195,Pulse,supply.pulse@serviceprovider.com
34,146,Everest,order.everest@businessmail.com
35,357,Everest,order.everest@businessmail.com
36,416,Orion,restock@orionteam.com
37,113,Orion,restock@orionteam.com
38,285,Astra,restock.astra@gmail.com
39,166,NeoTech,order@neotechsolutions.com
40,334,Acme,restock.acme123@outlook.com
41,389,Harbor,restock.habor99@yahoo.com
42,160,NeoTech,order@neotechsolutions.com
43,387,Acme,restock.acme123@outlook.com
44,482,NeoTech,order@neotechsolutions.com
45,381,Nimbus,replenish.nimbus@cloudmail.net
46,224,Pulse,supply.pulse@serviceprovider.com
47,259,Acme,restock.acme123@outlook.com
48,242,NeoTech,order@neotechsolutions.com
49,285,NeoTech,order@neotechsolutions.com
50,208,Everest,order.everest@businessmail.com
51,217,Zenith,supply.zenith@zenithworks.com
52,398,Nimbus,replenish.nimbus@cloudmail.net
53,316,Willow,orders.willow@treehouse.com
54,493,GreenLeaf,orders.greenleaf@naturemail.com
55,335,Astra,restock.astra@gmail.com
56,419,Astra,restock.astra@gmail.com
57,473,Zenith,supply.zenith@zenithworks.com
58,284,Astra,restock.astra@gmail.com
59,170,Orion,restock@orionteam.com
60,202,Nimbus,replenish.nimbus@cloudmail.net
61,240,Astra,restock.astra@gmail.com
62,305,Willow,orders.willow@treehouse.com
63,492,Pulse,supply.pulse@serviceprovider.com
64,164,NeoTech,order@neotechsolutions.com
65,252,Astra,restock.astra@gmail.com
66,323,GreenLeaf,orders.greenleaf@naturemail.com
67,341,Acme,restock.acme123@outlook.com
68,454,Acme,restock.acme123@outlook.com
69,343,Harbor,restock.habor99@yahoo.com
70,375,Solace,replenish.solace@wellnesshub.com
71,305,Willow,orders.willow@treehouse.com
72,186,GreenLeaf,orders.greenleaf@naturemail.com
73,116,Harbor,restock.habor99@yahoo.com
74,144,Willow,orders.willow@treehouse.com
75,475,Everest,order.everest@businessmail.com
76,240,Nimbus,replenish.nimbus@cloudmail.net
77,212,Solace,replenish.solace@wellnesshub.com
78,228,Willow,orders.willow@treehouse.com
79,157,Orion,restock@orionteam.com
80,108,Acme,restock.acme123@outlook.com
81,452,Zenith,supply.zenith@zenithworks.com
82,365,Acme,restock.acme123@outlook.com
83,398,Harbor,restock.habor99@yahoo.com
84,393,Orion,restock@orionteam.com
85,324,Astra,restock.astra@gmail.com
86,170,Orion,restock@orionteam.com
87,436,Pulse,supply.pulse@serviceprovider.com
88,382,Everest,order.everest@businessmail.com
89,480,Harbor,restock.habor99@yahoo.com
90,351,Pulse,supply.pulse@serviceprovider.com
91,372,Orion,restock@orionteam.com
92,310,Willow,orders.willow@treehouse.com
93,320,NeoTech,order@neotechsolutions.com
94,389,Solace,replenish.solace@wellnesshub.com
95,488,NeoTech,order@neotechsolutions.com
96,103,Orion,restock@orionteam.com
97,195,Zenith,supply.zenith@zenithworks.com
98,400,Nimbus,replenish.nimbus@cloudmail.net
99,481,GreenLeaf,orders.greenleaf@naturemail.com
100,453,Nimbus,replenish.nimbus@cloudmail.net
101,166,Willow,orders.willow@treehouse.com
102,170,Pulse,supply.pulse@serviceprovider.com
103,362,Harbor,restock.habor99@yahoo.com
104,219,Solace,replenish.solace@wellnesshub.com
105,306,Acme,restock.acme123@outlook.com
106,254,Acme,restock.acme123@outlook.com
107,192,GreenLeaf,orders.greenleaf@naturemail.com
108,139,Willow,orders.willow@treehouse.com
109,401,Everest,order.everest@businessmail.com
110,461,Zenith,supply.zenith@zenithworks.com
111,222,GreenLeaf,orders.greenleaf@naturemail.com
112,492,Orion,restock@orionteam.com
113,429,Harbor,restock.habor99@yahoo.com
114,492,Zenith,supply.zenith@zenithworks.com
115,149,Astra,restock.astra@gmail.com
116,287,Acme,restock.acme123@outlook.com
117,229,Acme,restock.acme123@outlook.com
118,265,NeoTech,order@neotechsolutions.com
119,191,Pulse,supply.pulse@serviceprovider.com
120,419,Zenith,supply.zenith@zenithworks.com
121,291,Everest,order.everest@businessmail.com
122,433,NeoTech,order@neotechsolutions.com
123,286,Solace,replenish.solace@wellnesshub.com
124,355,Everest,order.everest@businessmail.com
125,140,Orion,restock@orionteam.com
126,298,Willow,orders.willow@treehouse.com
127,261,Willow,orders.willow@treehouse.com
128,409,Everest,order.everest@businessmail.com
129,136,Willow,orders.willow@treehouse.com
130,262,NeoTech,order@neotechsolutions.com
131,403,NeoTech,order@neotechsolutions.com
132,240,Willow,orders.willow@treehouse.com
133,358,Solace,replenish.solace@wellnesshub.com
134,462,Orion,restock@orionteam.com
135,181,NeoTech,order@neotechsolutions.com
136,416,Zenith,supply.zenith@zenithworks.com
137,304,Willow,orders.willow@treehouse.com
138,189,Pulse,supply.pulse@serviceprovider.com
139,277,Harbor,restock.habor99@yahoo.com
140,288,NeoTech,order@neotechsolutions.com
141,487,Harbor,restock.habor99@yahoo.com
142,457,Zenith,supply.zenith@zenithworks.com
143,415,Astra,restock.astra@gmail.com
144,374,GreenLeaf,orders.greenleaf@naturemail.com
145,359,Willow,orders.willow@treehouse.com
146,250,Astra,restock.astra@gmail.com
147,213,NeoTech,order@neotechsolutions.com
148,248,GreenLeaf,orders.greenleaf@naturemail.com
149,109,Nimbus,replenish.nimbus@cloudmail.net
150,155,Pulse,supply.pulse@serviceprovider.com
151,416,Solace,replenish.solace@wellnesshub.com
152,213,Zenith,supply.zenith@zenithworks.com
153,341,Pulse,supply.pulse@serviceprovider.com
154,249,Harbor,restock.habor99@yahoo.com
155,418,Harbor,restock.habor99@yahoo.com
156,121,Harbor,restock.habor99@yahoo.com
157,309,GreenLeaf,orders.greenleaf@naturemail.com
158,372,Zenith,supply.zenith@zenithworks.com
159,425,Nimbus,replenish.nimbus@cloudmail.net
160,477,Acme,restock.acme123@outlook.com
161,245,NeoTech,order@neotechsolutions.com
162,290,Orion,restock@orionteam.com
163,179,GreenLeaf,orders.greenleaf@naturemail.com
164,477,Astra,restock.astra@gmail.com
165,264,Solace,replenish.solace@wellnesshub.com
166,126,Harbor,restock.habor99@yahoo.com
167,120,Pulse,supply.pulse@serviceprovider.com
168,130,Nimbus,replenish.nimbus@cloudmail.net
169,433,Acme,restock.acme123@outlook.com
170,181,NeoTech,order@neotechsolutions.com
171,484,Astra,restock.astra@gmail.com
172,243,Harbor,restock.habor99@yahoo.com
173,195,Harbor,restock.habor99@yahoo.com
174,131,Zenith,supply.zenith@zenithworks.com
175,365,GreenLeaf,orders.greenleaf@naturemail.com
176,222,Orion,restock@orionteam.com
177,339,Astra,restock.astra@gmail.com
178,453,Solace,replenish.solace@wellnesshub.com
179,211,NeoTech,order@neotechsolutions.com
180,410,Orion,restock@orionteam.com
181,325,Willow,orders.willow@treehouse.com
182,353,Acme,restock.acme123@outlook.com
183,242,Orion,restock@orionteam.com
184,242,Astra,restock.astra@gmail.com
185,386,Orion,restock@orionteam.com
186,157,NeoTech,order@neotechsolutions.com
187,196,Harbor,restock.habor99@yahoo.com
188,419,Zenith,supply.zenith@zenithworks.com
189,488,Astra,restock.astra@gmail.com
190,431,Solace,replenish.solace@wellnesshub.com
191,142,GreenLeaf,orders.greenleaf@naturemail.com
192,336,Pulse,supply.pulse@serviceprovider.com
193,473,Everest,order.everest@businessmail.com
194,215,Nimbus,replenish.nimbus@cloudmail.net
195,289,Willow,orders.willow@treehouse.com
196,471,Willow,orders.willow@treehouse.com
197,181,Astra,restock.astra@gmail.com
198,319,Orion,restock@orionteam.com
199,350,Zenith,supply.zenith@zenithworks.com
200,152,Zenith,supply.zenith@zenithworks.com
201,401,Willow,orders.willow@treehouse.com
202,243,Harbor,restock.habor99@yahoo.com
203,244,Everest,order.everest@businessmail.com
204,337,Orion,restock@orionteam.com
205,228,Pulse,supply.pulse@serviceprovider.com
206,136,Orion,restock@orionteam.com
207,336,GreenLeaf,orders.greenleaf@naturemail.com
208,272,Solace,replenish.solace@wellnesshub.com
209,103,Zenith,supply.zenith@zenithworks.com
210,470,Nimbus,replenish.nimbus@cloudmail.net
211,141,Acme,restock.acme123@outlook.com
212,337,Acme,restock.acme123@outlook.com
213,200,NeoTech,order@neotechsolutions.com
214,477,Everest,order.everest@businessmail.com
215,218,Orion,restock@orionteam.com
216,176,Pulse,supply.pulse@serviceprovider.com
217,290,Zenith,supply.zenith@zenithworks.com
218,119,Harbor,restock.habor99@yahoo.com
219,364,NeoTech,order@neotechsolutions.com
220,122,Everest,order.everest@businessmail.com
221,449,Nimbus,replenish.nimbus@cloudmail.net
222,226,Harbor,restock.habor99@yahoo.com
223,406,Solace,replenish.solace@wellnesshub.com
224,361,Astra,restock.astra@gmail.com
225,247,GreenLeaf,orders.greenleaf@naturemail.com
226,184,Solace,replenish.solace@wellnesshub.com
227,339,Solace,replenish.solace@wellnesshub.com
228,238,Everest,order.everest@businessmail.com
229,470,Acme,restock.acme123@outlook.com
230,303,Astra,restock.astra@gmail.com
231,142,Zenith,supply.zenith@zenithworks.com
232,232,Solace,replenish.solace@wellnesshub.com
233,204,Zenith,supply.zenith@zenithworks.com
234,143,NeoTech,order@neotechsolutions.com
235,305,Everest,order.everest@businessmail.com
236,448,NeoTech,order@neotechsolutions.com
237,273,Zenith,supply.zenith@zenithworks.com
238,165,Harbor,restock.habor99@yahoo.com
239,487,Zenith,supply.zenith@zenithworks.com
240,297,Astra,restock.astra@gmail.com
241,143,Orion,restock@orionteam.com
242,151,Astra,restock.astra@gmail.com
243,402,Zenith,supply.zenith@zenithworks.com
244,345,Everest,order.everest@businessmail.com
245,146,Astra,restock.astra@gmail.com
246,227,Willow,orders.willow@treehouse.com
247,385,Solace,replenish.solace@wellnesshub.com
248,415,Solace,replenish.solace@wellnesshub.com
249,207,NeoTech,order@neotechsolutions.com
250,434,Harbor,restock.habor99@yahoo.com
251,120,Solace,replenish.solace@wellnesshub.com
252,179,NeoTech,order@neotechsolutions.com
253,280,Harbor,restock.habor99@yahoo.com
254,135,Everest,order.everest@businessmail.com
255,347,NeoTech,order@neotechsolutions.com
256,131,Orion,restock@orionteam.com
257,287,Zenith,supply.zenith@zenithworks.com
258,430,Orion,restock@orionteam.com
259,339,Orion,restock@orionteam.com
260,397,Harbor,restock.habor99@yahoo.com
261,378,Orion,restock@orionteam.com
262,465,Astra,restock.astra@gmail.com
263,185,Solace,replenish.solace@wellnesshub.com
264,475,Acme,restock.acme123@outlook.com
265,478,GreenLeaf,orders.greenleaf@naturemail.com
266,121,Astra,restock.astra@gmail.com
267,366,Nimbus,replenish.nimbus@cloudmail.net
268,410,Willow,orders.willow@treehouse.com
269,450,Zenith,supply.zenith@zenithworks.com
270,221,Zenith,supply.zenith@zenithworks.com
271,491,Willow,orders.willow@treehouse.com
272,455,Nimbus,replenish.nimbus@cloudmail.net
273,493,Willow,orders.willow@treehouse.com
274,433,Acme,restock.acme123@outlook.com
275,245,Everest,order.everest@businessmail.com
276,378,Solace,replenish.solace@wellnesshub.com
277,483,Orion,restock@orionteam.com
278,380,Astra,restock.astra@gmail.com
279,232,Zenith,supply.zenith@zenithworks.com
280,481,Zenith,supply.zenith@zenithworks.com
281,414,Acme,restock.acme123@outlook.com
282,179,Solace,replenish.solace@wellnesshub.com
283,203,Everest,order.everest@businessmail.com
284,423,Zenith,supply.zenith@zenithworks.com
285,365,Solace,replenish.solace@wellnesshub.com
286,354,Zenith,supply.zenith@zenithworks.com
287,250,NeoTech,order@neotechsolutions.com
288,422,Acme,restock.acme123@outlook.com
289,292,NeoTech,order@neotechsolutions.com
290,483,Acme,restock.acme123@outlook.com
291,186,Nimbus,replenish.nimbus@cloudmail.net
292,275,GreenLeaf,orders.greenleaf@naturemail.com
293,174,Astra,restock.astra@gmail.com
294,434,Zenith,supply.zenith@zenithworks.com
295,232,NeoTech,order@neotechsolutions.com
296,331,Acme,restock.acme123@outlook.com
297,196,Everest,order.everest@businessmail.com
298,206,Zenith,supply.zenith@zenithworks.com
299,311,Zenith,supply.zenith@zenithworks.com
300,149,Astra,restock.astra@gmail.com
301,346,Harbor,restock.habor99@yahoo.com
302,286,Zenith,supply.zenith@zenithworks.com
303,321,Willow,orders.willow@treehouse.com
304,324,Willow,orders.willow@treehouse.com
305,312,Everest,order.everest@businessmail.com
306,491,Everest,order.everest@businessmail.com
307,365,GreenLeaf,orders.greenleaf@naturemail.com
308,350,Harbor,restock.habor99@yahoo.com
309,252,NeoTech,order@neotechsolutions.com
310,328,Orion,restock@orionteam.com
311,281,Pulse,supply.pulse@serviceprovider.com
312,318,Willow,orders.willow@treehouse.com
313,237,Orion,restock@orionteam.com
314,350,Everest,order.everest@businessmail.com
315,110,Acme,restock.acme123@outlook.com
316,134,NeoTech,order@neotechsolutions.com
317,109,Zenith,supply.zenith@zenithworks.com
318,145,Willow,orders.willow@treehouse.com
319,196,Everest,order.everest@businessmail.com
320,291,Zenith,supply.zenith@zenithworks.com
321,487,Pulse,supply.pulse@serviceprovider.com
322,210,Astra,restock.astra@gmail.com
323,360,Orion,restock@orionteam.com
324,291,Harbor,restock.habor99@yahoo.com
325,397,Solace,replenish.solace@wellnesshub.com
326,485,Acme,restock.acme123@outlook.com
327,419,Orion,restock@orionteam.com
328,166,Pulse,supply.pulse@serviceprovider.com
329,244,Astra,restock.astra@gmail.com
330,434,Orion,restock@orionteam.com
331,479,Everest,order.everest@businessmail.com
332,343,GreenLeaf,orders.greenleaf@naturemail.com
333,231,GreenLeaf,orders.greenleaf@naturemail.com
334,173,Pulse,supply.pulse@serviceprovider.com
335,495,NeoTech,order@neotechsolutions.com
336,300,Acme,restock.acme123@outlook.com
337,391,Zenith,supply.zenith@zenithworks.com
338,403,Everest,order.everest@businessmail.com
339,247,Nimbus,replenish.nimbus@cloudmail.net
340,264,Zenith,supply.zenith@zenithworks.com
341,316,Pulse,supply.pulse@serviceprovider.com
342,248,Nimbus,replenish.nimbus@cloudmail.net
343,147,Acme,restock.acme123@outlook.com
344,170,GreenLeaf,orders.greenleaf@naturemail.com
345,294,Solace,replenish.solace@wellnesshub.com
346,490,Pulse,supply.pulse@serviceprovider.com
347,287,Astra,restock.astra@gmail.com
348,497,Acme,restock.acme123@outlook.com
349,498,Zenith,supply.zenith@zenithworks.com
350,206,Harbor,restock.habor99@yahoo.com
351,354,Willow,orders.willow@treehouse.com
352,145,Everest,order.everest@businessmail.com
353,125,Zenith,supply.zenith@zenithworks.com
354,208,Pulse,supply.pulse@serviceprovider.com
355,455,Orion,restock@orionteam.com
356,263,Willow,orders.willow@treehouse.com
357,222,Astra,restock.astra@gmail.com
358,418,Solace,replenish.solace@wellnesshub.com
359,180,Zenith,supply.zenith@zenithworks.com
360,304,Nimbus,replenish.nimbus@cloudmail.net
361,460,Harbor,restock.habor99@yahoo.com
362,182,Zenith,supply.zenith@zenithworks.com
363,406,GreenLeaf,orders.greenleaf@naturemail.com
364,472,Pulse,supply.pulse@serviceprovider.com
365,285,NeoTech,order@neotechsolutions.com
366,325,NeoTech,order@neotechsolutions.com
367,202,Willow,orders.willow@treehouse.com
368,407,Harbor,restock.habor99@yahoo.com
369,454,Everest,order.everest@businessmail.com
370,206,Everest,order.everest@businessmail.com
371,437,NeoTech,order@neotechsolutions.com
372,404,Solace,replenish.solace@wellnesshub.com
373,143,Everest,order.everest@businessmail.com
374,178,Solace,replenish.solace@wellnesshub.com
375,357,Nimbus,replenish.nimbus@cloudmail.net
376,268,Zenith,supply.zenith@zenithworks.com
377,231,GreenLeaf,orders.greenleaf@naturemail.com
378,360,Orion,restock@orionteam.com
379,149,Astra,restock.astra@gmail.com
380,309,Solace,replenish.solace@wellnesshub.com
381,367,Solace,replenish.solace@wellnesshub.com
382,437,Astra,restock.astra@gmail.com
383,319,Nimbus,replenish.nimbus@cloudmail.net
384,111,Nimbus,replenish.nimbus@cloudmail.net
385,158,Willow,orders.willow@treehouse.com
386,467,Pulse,supply.pulse@serviceprovider.com
387,500,Acme,restock.acme123@outlook.com
388,104,GreenLeaf,orders.greenleaf@naturemail.com
389,417,Willow,orders.willow@treehouse.com
390,118,Acme,restock.acme123@outlook.com
391,477,Nimbus,replenish.nimbus@cloudmail.net
392,375,Nimbus,replenish.nimbus@cloudmail.net
393,320,Willow,orders.willow@treehouse.com
394,227,Acme,restock.acme123@outlook.com
395,169,Harbor,restock.habor99@yahoo.com
396,421,Willow,orders.willow@treehouse.com
397,432,Pulse,supply.pulse@serviceprovider.com
398,249,Nimbus,replenish.nimbus@cloudmail.net
399,462,Astra,restock.astra@gmail.com
400,433,Orion,restock@orionteam.com
401,272,Astra,restock.astra@gmail.com
402,147,Solace,replenish.solace@wellnesshub.com
403,235,Orion,restock@orionteam.com
404,420,Astra,restock.astra@gmail.com
405,333,Orion,restock@orionteam.com
406,332,NeoTech,order@neotechsolutions.com
407,433,Acme,restock.acme123@outlook.com
408,440,GreenLeaf,orders.greenleaf@naturemail.com
409,487,Pulse,supply.pulse@serviceprovider.com
410,144,Nimbus,replenish.nimbus@cloudmail.net
411,486,Acme,restock.acme123@outlook.com
412,273,Orion,restock@orionteam.com
413,114,Solace,replenish.solace@wellnesshub.com
414,267,Zenith,supply.zenith@zenithworks.com
415,148,Pulse,supply.pulse@serviceprovider.com
416,118,Nimbus,replenish.nimbus@cloudmail.net
417,219,Astra,restock.astra@gmail.com
418,472,GreenLeaf,orders.greenleaf@naturemail.com
419,125,Astra,restock.astra@gmail.com
420,469,Astra,restock.astra@gmail.com
421,342,NeoTech,order@neotechsolutions.com
422,207,Everest,order.everest@businessmail.com
423,398,Everest,order.everest@businessmail.com
424,183,Everest,order.everest@businessmail.com
425,276,GreenLeaf,orders.greenleaf@naturemail.com
426,103,Nimbus,replenish.nimbus@cloudmail.net
427,250,NeoTech,order@neotechsolutions.com
428,246,Zenith,supply.zenith@zenithworks.com
429,124,Harbor,restock.habor99@yahoo.com
430,168,GreenLeaf,orders.greenleaf@naturemail.com
431,369,Zenith,supply.zenith@zenithworks.com
432,449,Harbor,restock.habor99@yahoo.com
433,239,NeoTech,order@neotechsolutions.com
434,483,NeoTech,order@neotechsolutions.com
435,156,Astra,restock.astra@gmail.com
436,255,GreenLeaf,orders.greenleaf@naturemail.com
437,286,GreenLeaf,orders.greenleaf@naturemail.com
438,354,Orion,restock@orionteam.com
439,309,GreenLeaf,orders.greenleaf@naturemail.com
440,481,Solace,replenish.solace@wellnesshub.com
441,372,Nimbus,replenish.nimbus@cloudmail.net
442,240,Everest,order.everest@businessmail.com
443,123,Astra,restock.astra@gmail.com
444,360,Everest,order.everest@businessmail.com
445,351,Willow,orders.willow@treehouse.com
446,266,GreenLeaf,orders.greenleaf@naturemail.com
447,145,Astra,restock.astra@gmail.com
448,266,Zenith,supply.zenith@zenithworks.com
449,430,GreenLeaf,orders.greenleaf@naturemail.com
450,388,Orion,restock@orionteam.com
451,441,Solace,replenish.solace@wellnesshub.com
452,452,Zenith,supply.zenith@zenithworks.com
453,164,Everest,order.everest@businessmail.com
454,302,Solace,replenish.solace@wellnesshub.com
455,454,NeoTech,order@neotechsolutions.com
456,352,Zenith,supply.zenith@zenithworks.com
457,487,Pulse,supply.pulse@serviceprovider.com
458,500,Everest,order.everest@businessmail.com
459,118,Nimbus,replenish.nimbus@cloudmail.net
460,198,Orion,restock@orionteam.com
461,170,Nimbus,replenish.nimbus@cloudmail.net
462,295,Harbor,restock.habor99@yahoo.com
463,376,Willow,orders.willow@treehouse.com
464,432,Orion,restock@orionteam.com
465,180,Nimbus,replenish.nimbus@cloudmail.net
466,180,Nimbus,replenish.nimbus@cloudmail.net
467,302,Orion,restock@orionteam.com
468,431,Astra,restock.astra@gmail.com
469,240,Everest,order.everest@businessmail.com
470,235,Zenith,supply.zenith@zenithworks.com
471,223,NeoTech,order@neotechsolutions.com
472,220,Pulse,supply.pulse@serviceprovider.com
473,232,Nimbus,replenish.nimbus@cloudmail.net
474,303,GreenLeaf,orders.greenleaf@naturemail.com
475,270,Willow,orders.willow@treehouse.com
476,133,Harbor,restock.habor99@yahoo.com
477,375,Orion,restock@orionteam.com
478,418,Zenith,supply.zenith@zenithworks.com
479,192,Astra,restock.astra@gmail.com
480,150,Harbor,restock.habor99@yahoo.com
481,212,Harbor,restock.habor99@yahoo.com
482,222,Astra,restock.astra@gmail.com
483,249,Pulse,supply.pulse@serviceprovider.com
484,134,Everest,order.everest@businessmail.com
485,245,NeoTech,order@neotechsolutions.com
486,151,GreenLeaf,orders.greenleaf@naturemail.com
487,104,Willow,orders.willow@treehouse.com
488,489,Solace,replenish.solace@wellnesshub.com
489,443,NeoTech,order@neotechsolutions.com
490,168,Nimbus,replenish.nimbus@cloudmail.net
491,311,Willow,orders.willow@treehouse.com
492,109,Nimbus,replenish.nimbus@cloudmail.net
493,257,Pulse,supply.pulse@serviceprovider.com
494,130,Astra,restock.astra@gmail.com
495,432,Pulse,supply.pulse@serviceprovider.com
496,337,Willow,orders.willow@treehouse.com
497,191,Acme,restock.acme123@outlook.com
498,246,Pulse,supply.pulse@serviceprovider.com
499,214,Zenith,supply.zenith@zenithworks.com
500,132,NeoTech,order@neotechsolutions.com
501,287,Harbor,restock.habor99@yahoo.com
502,101,Orion,restock@orionteam.com
503,333,Harbor,restock.habor99@yahoo.com
504,252,GreenLeaf,orders.greenleaf@naturemail.com
505,405,Solace,replenish.solace@wellnesshub.com
506,487,Harbor,restock.habor99@yahoo.com
507,388,Willow,orders.willow@treehouse.com
508,483,Zenith,supply.zenith@zenithworks.com
509,134,NeoTech,order@neotechsolutions.com
510,252,Zenith,supply.zenith@zenithworks.com
511,328,Nimbus,replenish.nimbus@cloudmail.net
512,232,Nimbus,replenish.nimbus@cloudmail.net
513,476,Everest,order.everest@businessmail.com
514,297,Everest,order.everest@businessmail.com
515,179,Zenith,supply.zenith@zenithworks.com
516,138,Nimbus,replenish.nimbus@cloudmail.net
517,268,Nimbus,replenish.nimbus@cloudmail.net
518,401,Willow,orders.willow@treehouse.com
519,409,Pulse,supply.pulse@serviceprovider.com
520,216,Acme,restock.acme123@outlook.com
521,319,Orion,restock@orionteam.com
522,215,Harbor,restock.habor99@yahoo.com
523,487,GreenLeaf,orders.greenleaf@naturemail.com
524,107,Everest,order.everest@businessmail.com
525,117,GreenLeaf,orders.greenleaf@naturemail.com
526,429,NeoTech,order@neotechsolutions.com
527,441,Astra,restock.astra@gmail.com
528,169,Zenith,supply.zenith@zenithworks.com
529,322,Willow,orders.willow@treehouse.com
530,499,NeoTech,order@neotechsolutions.com
531,202,Nimbus,replenish.nimbus@cloudmail.net
532,439,Pulse,supply.pulse@serviceprovider.com
533,321,Solace,replenish.solace@wellnesshub.com
534,201,Astra,restock.astra@gmail.com
535,114,Willow,orders.willow@treehouse.com
536,458,NeoTech,order@neotechsolutions.com
537,193,Willow,orders.willow@treehouse.com
538,360,GreenLeaf,orders.greenleaf@naturemail.com
539,337,Zenith,supply.zenith@zenithworks.com
540,394,Zenith,supply.zenith@zenithworks.com
541,386,Zenith,supply.zenith@zenithworks.com
542,248,Everest,order.everest@businessmail.com
543,220,Orion,restock@orionteam.com
544,434,Orion,restock@orionteam.com
545,337,Pulse,supply.pulse@serviceprovider.com
546,467,Willow,orders.willow@treehouse.com
547,355,Everest,order.everest@businessmail.com
548,131,Pulse,supply.pulse@serviceprovider.com
549,254,Zenith,supply.zenith@zenithworks.com
550,427,Nimbus,replenish.nimbus@cloudmail.net
551,301,GreenLeaf,orders.greenleaf@naturemail.com
552,196,Solace,replenish.solace@wellnesshub.com
553,487,Zenith,supply.zenith@zenithworks.com
554,187,Everest,order.everest@businessmail.com
555,201,Acme,restock.acme123@outlook.com
556,136,Solace,replenish.solace@wellnesshub.com
557,259,Orion,restock@orionteam.com
558,292,Nimbus,replenish.nimbus@cloudmail.net
559,470,Zenith,supply.zenith@zenithworks.com
560,453,Everest,order.everest@businessmail.com
561,192,Nimbus,replenish.nimbus@cloudmail.net
562,426,Willow,orders.willow@treehouse.com
563,499,Willow,orders.willow@treehouse.com
564,130,Zenith,supply.zenith@zenithworks.com
565,413,Everest,order.everest@businessmail.com
566,391,Nimbus,replenish.nimbus@cloudmail.net
567,349,Orion,restock@orionteam.com
568,459,Orion,restock@orionteam.com
569,191,Zenith,supply.zenith@zenithworks.com
570,459,Astra,restock.astra@gmail.com
571,483,Pulse,supply.pulse@serviceprovider.com
572,412,GreenLeaf,orders.greenleaf@naturemail.com
573,162,Harbor,restock.habor99@yahoo.com
574,389,Astra,restock.astra@gmail.com
575,456,Pulse,supply.pulse@serviceprovider.com
576,466,Zenith,supply.zenith@zenithworks.com
577,468,NeoTech,order@neotechsolutions.com
578,425,Nimbus,replenish.nimbus@cloudmail.net
579,387,Zenith,supply.zenith@zenithworks.com
580,359,Solace,replenish.solace@wellnesshub.com
581,155,Nimbus,replenish.nimbus@cloudmail.net
582,255,Everest,order.everest@businessmail.com
583,405,Zenith,supply.zenith@zenithworks.com
584,106,Astra,restock.astra@gmail.com
585,173,Solace,replenish.solace@wellnesshub.com
586,400,Acme,restock.acme123@outlook.com
587,320,Zenith,supply.zenith@zenithworks.com
588,274,Everest,order.everest@businessmail.com
589,242,Astra,restock.astra@gmail.com
590,245,NeoTech,order@neotechsolutions.com
591,461,GreenLeaf,orders.greenleaf@naturemail.com
592,456,Astra,restock.astra@gmail.com
593,268,Willow,orders.willow@treehouse.com
594,476,Zenith,supply.zenith@zenithworks.com
595,133,GreenLeaf,orders.greenleaf@naturemail.com
596,318,Everest,order.everest@businessmail.com
597,265,Acme,restock.acme123@outlook.com
598,473,Nimbus,replenish.nimbus@cloudmail.net
599,106,Nimbus,replenish.nimbus@cloudmail.net
600,483,Solace,replenish.solace@wellnesshub.com
601,245,Acme,restock.acme123@outlook.com
602,369,Nimbus,replenish.nimbus@cloudmail.net
603,304,Zenith,supply.zenith@zenithworks.com
604,185,Pulse,supply.pulse@serviceprovider.com
605,493,Zenith,supply.zenith@zenithworks.com
606,155,Everest,order.everest@businessmail.com
607,231,Everest,order.everest@businessmail.com
608,480,GreenLeaf,orders.greenleaf@naturemail.com
609,408,Zenith,supply.zenith@zenithworks.com
610,310,GreenLeaf,orders.greenleaf@naturemail.com
611,115,Astra,restock.astra@gmail.com
612,396,Nimbus,replenish.nimbus@cloudmail.net
613,396,Pulse,supply.pulse@serviceprovider.com
614,385,Solace,replenish.solace@wellnesshub.com
615,360,NeoTech,order@neotechsolutions.com
616,465,Acme,restock.acme123@outlook.com
617,132,Astra,restock.astra@gmail.com
618,444,Harbor,restock.habor99@yahoo.com
619,389,GreenLeaf,orders.greenleaf@naturemail.com
620,402,Orion,restock@orionteam.com
621,123,Astra,restock.astra@gmail.com
622,170,GreenLeaf,orders.greenleaf@naturemail.com
623,389,Pulse,supply.pulse@serviceprovider.com
624,471,Harbor,restock.habor99@yahoo.com
625,312,Acme,restock.acme123@outlook.com
626,272,NeoTech,order@neotechsolutions.com
627,253,Pulse,supply.pulse@serviceprovider.com
628,296,Astra,restock.astra@gmail.com
629,235,Willow,orders.willow@treehouse.com
630,245,Harbor,restock.habor99@yahoo.com
631,166,Acme,restock.acme123@outlook.com
632,300,Solace,replenish.solace@wellnesshub.com
633,100,Nimbus,replenish.nimbus@cloudmail.net
634,291,GreenLeaf,orders.greenleaf@naturemail.com
635,495,Acme,restock.acme123@outlook.com
636,429,GreenLeaf,orders.greenleaf@naturemail.com
637,336,Nimbus,replenish.nimbus@cloudmail.net
638,405,Everest,order.everest@businessmail.com
639,209,GreenLeaf,orders.greenleaf@naturemail.com
640,141,Zenith,supply.zenith@zenithworks.com
641,187,Everest,order.everest@businessmail.com
642,330,Acme,restock.acme123@outlook.com
643,153,Willow,orders.willow@treehouse.com
644,437,NeoTech,order@neotechsolutions.com
645,114,Everest,order.everest@businessmail.com
646,222,Zenith,supply.zenith@zenithworks.com
647,130,Pulse,supply.pulse@serviceprovider.com
648,351,Astra,restock.astra@gmail.com
649,280,Pulse,supply.pulse@serviceprovider.com
650,408,Everest,order.everest@businessmail.com
651,448,Solace,replenish.solace@wellnesshub.com
652,214,Pulse,supply.pulse@serviceprovider.com
653,234,Orion,restock@orionteam.com
654,242,Pulse,supply.pulse@serviceprovider.com
655,484,Astra,restock.astra@gmail.com
656,233,Nimbus,replenish.nimbus@cloudmail.net
657,371,Willow,orders.willow@treehouse.com
658,125,Nimbus,replenish.nimbus@cloudmail.net
659,134,Harbor,restock.habor99@yahoo.com
660,420,Orion,restock@orionteam.com
661,446,Acme,restock.acme123@outlook.com
662,417,Pulse,supply.pulse@serviceprovider.com
663,149,Solace,replenish.solace@wellnesshub.com
664,325,Harbor,restock.habor99@yahoo.com
665,103,Zenith,supply.zenith@zenithworks.com
666,262,Harbor,restock.habor99@yahoo.com
667,171,Harbor,restock.habor99@yahoo.com
668,389,Nimbus,replenish.nimbus@cloudmail.net
669,131,Acme,restock.acme123@outlook.com
670,145,GreenLeaf,orders.greenleaf@naturemail.com
671,301,Solace,replenish.solace@wellnesshub.com
672,347,Pulse,supply.pulse@serviceprovider.com
673,324,Orion,restock@orionteam.com
674,276,GreenLeaf,orders.greenleaf@naturemail.com
675,186,Everest,order.everest@businessmail.com
676,135,Acme,restock.acme123@outlook.com
677,181,Astra,restock.astra@gmail.com
678,183,Zenith,supply.zenith@zenithworks.com
679,156,Orion,restock@orionteam.com
680,438,Harbor,restock.habor99@yahoo.com
681,217,Acme,restock.acme123@outlook.com
682,321,Nimbus,replenish.nimbus@cloudmail.net
683,332,Orion,restock@orionteam.com
684,117,GreenLeaf,orders.greenleaf@naturemail.com
685,118,Pulse,supply.pulse@serviceprovider.com
686,256,Willow,orders.willow@treehouse.com
687,107,Everest,order.everest@businessmail.com
688,438,Acme,restock.acme123@outlook.com
689,218,Nimbus,replenish.nimbus@cloudmail.net
690,121,NeoTech,order@neotechsolutions.com
691,316,GreenLeaf,orders.greenleaf@naturemail.com
692,112,Acme,restock.acme123@outlook.com
693,452,GreenLeaf,orders.greenleaf@naturemail.com
694,352,Orion,restock@orionteam.com
695,312,Harbor,restock.habor99@yahoo.com
696,159,Solace,replenish.solace@wellnesshub.com
697,315,Solace,replenish.solace@wellnesshub.com
698,127,Everest,order.everest@businessmail.com
699,132,Nimbus,replenish.nimbus@cloudmail.net
700,399,GreenLeaf,orders.greenleaf@naturemail.com
701,461,Astra,restock.astra@gmail.com
702,459,GreenLeaf,orders.greenleaf@naturemail.com
703,161,Everest,order.everest@businessmail.com
704,359,NeoTech,order@neotechsolutions.com
705,215,Zenith,supply.zenith@zenithworks.com
706,239,Solace,replenish.solace@wellnesshub.com
707,169,Astra,restock.astra@gmail.com
708,451,Nimbus,replenish.nimbus@cloudmail.net
709,303,Everest,order.everest@businessmail.com
710,463,Zenith,supply.zenith@zenithworks.com
711,370,Solace,replenish.solace@wellnesshub.com
712,358,GreenLeaf,orders.greenleaf@naturemail.com
713,396,Harbor,restock.habor99@yahoo.com
714,429,Everest,order.everest@businessmail.com
715,355,Astra,restock.astra@gmail.com
716,144,Acme,restock.acme123@outlook.com
717,312,Astra,restock.astra@gmail.com
718,475,Solace,replenish.solace@wellnesshub.com
719,242,NeoTech,order@neotechsolutions.com
720,233,GreenLeaf,orders.greenleaf@naturemail.com
721,268,GreenLeaf,orders.greenleaf@naturemail.com
722,312,NeoTech,order@neotechsolutions.com
723,479,Astra,restock.astra@gmail.com
724,400,Zenith,supply.zenith@zenithworks.com
725,474,Astra,restock.astra@gmail.com
726,348,NeoTech,order@neotechsolutions.com
727,469,Pulse,supply.pulse@serviceprovider.com
728,173,Solace,replenish.solace@wellnesshub.com
729,394,Orion,restock@orionteam.com
730,396,Everest,order.everest@businessmail.com
731,389,Pulse,supply.pulse@serviceprovider.com
732,392,NeoTech,order@neotechsolutions.com
733,317,Nimbus,replenish.nimbus@cloudmail.net
734,182,Acme,restock.acme123@outlook.com
735,187,Nimbus,replenish.nimbus@cloudmail.net
736,245,GreenLeaf,orders.greenleaf@naturemail.com
737,347,Zenith,supply.zenith@zenithworks.com
738,253,Nimbus,replenish.nimbus@cloudmail.net
739,319,Everest,order.everest@businessmail.com
740,137,Orion,restock@orionteam.com
741,488,Nimbus,replenish.nimbus@cloudmail.net
742,388,Everest,order.everest@businessmail.com
743,177,Harbor,restock.habor99@yahoo.com
744,206,Acme,restock.acme123@outlook.com
745,415,Nimbus,replenish.nimbus@cloudmail.net
746,428,Pulse,supply.pulse@serviceprovider.com
747,361,Willow,orders.willow@treehouse.com
748,232,Willow,orders.willow@treehouse.com
749,275,GreenLeaf,orders.greenleaf@naturemail.com
750,147,Astra,restock.astra@gmail.com
751,248,Willow,orders.willow@treehouse.com
752,340,Pulse,supply.pulse@serviceprovider.com
753,122,Harbor,restock.habor99@yahoo.com
754,133,Acme,restock.acme123@outlook.com
755,114,Nimbus,replenish.nimbus@cloudmail.net
756,411,Solace,replenish.solace@wellnesshub.com
757,492,Zenith,supply.zenith@zenithworks.com
758,258,NeoTech,order@neotechsolutions.com
759,296,Acme,restock.acme123@outlook.com
760,481,Zenith,supply.zenith@zenithworks.com
761,412,Willow,orders.willow@treehouse.com
762,350,Everest,order.everest@businessmail.com
763,478,Everest,order.everest@businessmail.com
764,182,Harbor,restock.habor99@yahoo.com
765,237,Everest,order.everest@businessmail.com
766,470,Pulse,supply.pulse@serviceprovider.com
767,147,Everest,order.everest@businessmail.com
768,350,Harbor,restock.habor99@yahoo.com
769,400,Orion,restock@orionteam.com
770,241,Nimbus,replenish.nimbus@cloudmail.net
771,266,Solace,replenish.solace@wellnesshub.com
772,468,NeoTech,order@neotechsolutions.com
773,306,Astra,restock.astra@gmail.com
774,440,Harbor,restock.habor99@yahoo.com
775,446,Everest,order.everest@businessmail.com
776,194,Pulse,supply.pulse@serviceprovider.com
777,217,NeoTech,order@neotechsolutions.com
778,291,Astra,restock.astra@gmail.com
779,494,Nimbus,replenish.nimbus@cloudmail.net
780,342,Nimbus,replenish.nimbus@cloudmail.net
781,172,Pulse,supply.pulse@serviceprovider.com
782,205,Harbor,restock.habor99@yahoo.com
783,302,Acme,restock.acme123@outlook.com
784,228,Harbor,restock.habor99@yahoo.com
785,329,Orion,restock@orionteam.com
786,392,Solace,replenish.solace@wellnesshub.com
787,257,Acme,restock.acme123@outlook.com
788,130,Solace,replenish.solace@wellnesshub.com
789,385,Zenith,supply.zenith@zenithworks.com
790,178,Acme,restock.acme123@outlook.com
791,485,Pulse,supply.pulse@serviceprovider.com
792,400,Zenith,supply.zenith@zenithworks.com
793,392,Willow,orders.willow@treehouse.com
794,311,NeoTech,order@neotechsolutions.com
795,289,GreenLeaf,orders.greenleaf@naturemail.com
796,279,Acme,restock.acme123@outlook.com
797,419,Astra,restock.astra@gmail.com
798,200,Solace,replenish.solace@wellnesshub.com
799,477,Willow,orders.willow@treehouse.com
800,299,Acme,restock.acme123@outlook.com
801,210,Everest,order.everest@businessmail.com
802,221,Orion,restock@orionteam.com
803,271,GreenLeaf,orders.greenleaf@naturemail.com
804,411,Harbor,restock.habor99@yahoo.com
805,189,Nimbus,replenish.nimbus@cloudmail.net
806,369,Willow,orders.willow@treehouse.com
807,208,Nimbus,replenish.nimbus@cloudmail.net
808,467,Astra,restock.astra@gmail.com
809,427,GreenLeaf,orders.greenleaf@naturemail.com
810,399,Willow,orders.willow@treehouse.com
811,409,Orion,restock@orionteam.com
812,135,Solace,replenish.solace@wellnesshub.com
813,364,Orion,restock@orionteam.com
814,256,Solace,replenish.solace@wellnesshub.com
815,344,Willow,orders.willow@treehouse.com
816,249,Pulse,supply.pulse@serviceprovider.com
817,221,Orion,restock@orionteam.com
818,224,Willow,orders.willow@treehouse.com
819,326,Orion,restock@orionteam.com
820,336,Orion,restock@orionteam.com
821,292,Acme,restock.acme123@outlook.com
822,244,Astra,restock.astra@gmail.com
823,383,Harbor,restock.habor99@yahoo.com
824,355,Nimbus,replenish.nimbus@cloudmail.net
825,440,Harbor,restock.habor99@yahoo.com
826,322,Acme,restock.acme123@outlook.com
827,120,Willow,orders.willow@treehouse.com
828,188,Nimbus,replenish.nimbus@cloudmail.net
829,325,Harbor,restock.habor99@yahoo.com
830,130,Orion,restock@orionteam.com
831,106,Zenith,supply.zenith@zenithworks.com
832,375,NeoTech,order@neotechsolutions.com
833,306,Acme,restock.acme123@outlook.com
834,193,Zenith,supply.zenith@zenithworks.com
835,244,Acme,restock.acme123@outlook.com
836,451,NeoTech,order@neotechsolutions.com
837,189,Zenith,supply.zenith@zenithworks.com
838,184,Nimbus,replenish.nimbus@cloudmail.net
839,318,Harbor,restock.habor99@yahoo.com
840,198,Harbor,restock.habor99@yahoo.com
841,379,Pulse,supply.pulse@serviceprovider.com
842,293,NeoTech,order@neotechsolutions.com
843,290,NeoTech,order@neotechsolutions.com
844,423,NeoTech,order@neotechsolutions.com
845,207,Nimbus,replenish.nimbus@cloudmail.net
846,427,Willow,orders.willow@treehouse.com
847,321,Acme,restock.acme123@outlook.com
848,284,Astra,restock.astra@gmail.com
849,115,Zenith,supply.zenith@zenithworks.com
850,234,GreenLeaf,orders.greenleaf@naturemail.com
851,181,Nimbus,replenish.nimbus@cloudmail.net
852,412,Pulse,supply.pulse@serviceprovider.com
853,191,Everest,order.everest@businessmail.com
854,257,GreenLeaf,orders.greenleaf@naturemail.com
855,362,Acme,restock.acme123@outlook.com
856,255,Acme,restock.acme123@outlook.com
857,153,Nimbus,replenish.nimbus@cloudmail.net
858,461,Harbor,restock.habor99@yahoo.com
859,185,Pulse,supply.pulse@serviceprovider.com
860,155,Everest,order.everest@businessmail.com
861,112,Orion,restock@orionteam.com
862,182,NeoTech,order@neotechsolutions.com
863,466,Zenith,supply.zenith@zenithworks.com
864,349,NeoTech,order@neotechsolutions.com
865,178,GreenLeaf,orders.greenleaf@naturemail.com
866,183,Willow,orders.willow@treehouse.com
867,280,GreenLeaf,orders.greenleaf@naturemail.com
868,417,Willow,orders.willow@treehouse.com
869,125,Harbor,restock.habor99@yahoo.com
870,386,Orion,restock@orionteam.com
871,212,Solace,replenish.solace@wellnesshub.com
872,274,Astra,restock.astra@gmail.com
873,365,Harbor,restock.habor99@yahoo.com
874,317,Acme,restock.acme123@outlook.com
875,289,Pulse,supply.pulse@serviceprovider.com
876,482,Acme,restock.acme123@outlook.com
877,318,Willow,orders.willow@treehouse.com
878,444,Orion,restock@orionteam.com
879,182,GreenLeaf,orders.greenleaf@naturemail.com
880,269,Harbor,restock.habor99@yahoo.com
881,218,GreenLeaf,orders.greenleaf@naturemail.com
882,181,Nimbus,replenish.nimbus@cloudmail.net
883,260,Astra,restock.astra@gmail.com
884,124,Willow,orders.willow@treehouse.com
885,232,Nimbus,replenish.nimbus@cloudmail.net
886,113,Pulse,supply.pulse@serviceprovider.com
887,408,Acme,restock.acme123@outlook.com
888,277,Orion,restock@orionteam.com
889,429,Nimbus,replenish.nimbus@cloudmail.net
890,284,Zenith,supply.zenith@zenithworks.com
891,376,NeoTech,order@neotechsolutions.com
892,165,GreenLeaf,orders.greenleaf@naturemail.com
893,135,Astra,restock.astra@gmail.com
894,244,Zenith,supply.zenith@zenithworks.com
895,363,Harbor,restock.habor99@yahoo.com
896,393,NeoTech,order@neotechsolutions.com
897,197,GreenLeaf,orders.greenleaf@naturemail.com
898,126,Zenith,supply.zenith@zenithworks.com
899,136,Willow,orders.willow@treehouse.com
900,166,Pulse,supply.pulse@serviceprovider.com
901,297,Willow,orders.willow@treehouse.com
902,233,GreenLeaf,orders.greenleaf@naturemail.com
903,258,Pulse,supply.pulse@serviceprovider.com
904,238,Nimbus,replenish.nimbus@cloudmail.net
905,233,Solace,replenish.solace@wellnesshub.com
906,381,Acme,restock.acme123@outlook.com
907,497,NeoTech,order@neotechsolutions.com
908,249,GreenLeaf,orders.greenleaf@naturemail.com
909,298,Orion,restock@orionteam.com
910,241,Orion,restock@orionteam.com
911,231,Solace,replenish.solace@wellnesshub.com
912,375,Pulse,supply.pulse@serviceprovider.com
913,445,Orion,restock@orionteam.com
914,436,Harbor,restock.habor99@yahoo.com
915,229,Solace,replenish.solace@wellnesshub.com
916,356,Acme,restock.acme123@outlook.com
917,104,Astra,restock.astra@gmail.com
918,308,Astra,restock.astra@gmail.com
919,256,Willow,orders.willow@treehouse.com
920,166,Nimbus,replenish.nimbus@cloudmail.net
921,483,Acme,restock.acme123@outlook.com
922,465,Pulse,supply.pulse@serviceprovider.com
923,273,NeoTech,order@neotechsolutions.com
924,363,Everest,order.everest@businessmail.com
925,269,Harbor,restock.habor99@yahoo.com
926,114,Zenith,supply.zenith@zenithworks.com
927,487,NeoTech,order@neotechsolutions.com
928,219,Solace,replenish.solace@wellnesshub.com
929,166,Nimbus,replenish.nimbus@cloudmail.net
930,315,Nimbus,replenish.nimbus@cloudmail.net
931,418,Willow,orders.willow@treehouse.com
932,349,Astra,restock.astra@gmail.com
933,474,Pulse,supply.pulse@serviceprovider.com
934,280,Orion,restock@orionteam.com
935,267,Astra,restock.astra@gmail.com
936,324,Acme,restock.acme123@outlook.com
937,267,Acme,restock.acme123@outlook.com
938,433,GreenLeaf,orders.greenleaf@naturemail.com
939,229,Zenith,supply.zenith@zenithworks.com
940,196,Willow,orders.willow@treehouse.com
941,441,Solace,replenish.solace@wellnesshub.com
942,349,Acme,restock.acme123@outlook.com
943,287,Willow,orders.willow@treehouse.com
944,480,GreenLeaf,orders.greenleaf@naturemail.com
945,289,Astra,restock.astra@gmail.com
946,180,Everest,order.everest@businessmail.com
947,126,Harbor,restock.habor99@yahoo.com
948,341,Harbor,restock.habor99@yahoo.com
949,158,Everest,order.everest@businessmail.com
950,300,GreenLeaf,orders.greenleaf@naturemail.com
951,425,Willow,orders.willow@treehouse.com
952,482,Nimbus,replenish.nimbus@cloudmail.net
953,400,Everest,order.everest@businessmail.com
954,217,Harbor,restock.habor99@yahoo.com
955,143,Solace,replenish.solace@wellnesshub.com
956,354,Harbor,restock.habor99@yahoo.com
957,244,Pulse,supply.pulse@serviceprovider.com
958,451,Pulse,supply.pulse@serviceprovider.com
959,372,Astra,restock.astra@gmail.com
960,176,Acme,restock.acme123@outlook.com
961,177,Solace,replenish.solace@wellnesshub.com
962,328,Everest,order.everest@businessmail.com
963,269,Zenith,supply.zenith@zenithworks.com
964,296,Everest,order.everest@businessmail.com
965,202,Acme,restock.acme123@outlook.com
966,394,Harbor,restock.habor99@yahoo.com
967,362,Astra,restock.astra@gmail.com
968,309,NeoTech,order@neotechsolutions.com
969,498,Astra,restock.astra@gmail.com
970,488,Acme,restock.acme123@outlook.com
971,169,Willow,orders.willow@treehouse.com
972,154,Orion,restock@orionteam.com
973,386,Everest,order.everest@businessmail.com
974,359,Everest,order.everest@businessmail.com
975,439,Nimbus,replenish.nimbus@cloudmail.net
976,266,Solace,replenish.solace@wellnesshub.com
977,312,Pulse,supply.pulse@serviceprovider.com
978,212,Everest,order.everest@businessmail.com
979,415,Solace,replenish.solace@wellnesshub.com
980,391,Acme,restock.acme123@outlook.com
981,142,Orion,restock@orionteam.com
982,307,NeoTech,order@neotechsolutions.com
983,175,Everest,order.everest@businessmail.com
984,343,Pulse,supply.pulse@serviceprovider.com
985,469,Zenith,supply.zenith@zenithworks.com
986,481,Everest,order.everest@businessmail.com
987,280,Acme,restock.acme123@outlook.com
988,166,Astra,restock.astra@gmail.com
989,313,GreenLeaf,orders.greenleaf@naturemail.com
990,112,Orion,restock@orionteam.com
991,264,Everest,order.everest@businessmail.com
992,178,Nimbus,replenish.nimbus@cloudmail.net
993,386,NeoTech,order@neotechsolutions.com
994,395,Harbor,restock.habor99@yahoo.com
995,155,Nimbus,replenish.nimbus@cloudmail.net
996,439,Harbor,restock.habor99@yahoo.com
997,181,Everest,order.everest@businessmail.com
998,194,Acme,restock.acme123@outlook.com
999,496,Solace,replenish.solace@wellnesshub.com
1000,404,Solace,replenish.solace@wellnesshub.com
1001,404,Everest,order.everest@businessmail.com
1002,283,Harbor,restock.habor99@yahoo.com
1003,138,Willow,orders.willow@treehouse.com
1004,330,Acme,restock.acme123@outlook.com
1005,462,Acme,restock.acme123@outlook.com
1006,345,Zenith,supply.zenith@zenithworks.com
1007,187,Acme,restock.acme123@outlook.com
1008,351,GreenLeaf,orders.greenleaf@naturemail.com
1009,252,Orion,restock@orionteam.com
1010,395,Willow,orders.willow@treehouse.com
1011,342,Astra,restock.astra@gmail.com
1012,201,Acme,restock.acme123@outlook.com
1013,426,Willow,orders.willow@treehouse.com
1014,437,Zenith,supply.zenith@zenithworks.com
1015,326,Pulse,supply.pulse@serviceprovider.com
1016,299,Solace,replenish.solace@wellnesshub.com
1017,299,Orion,restock@orionteam.com
1018,492,Astra,restock.astra@gmail.com
1019,285,GreenLeaf,orders.greenleaf@naturemail.com
1020,406,Acme,restock.acme123@outlook.com
1021,161,Solace,replenish.solace@wellnesshub.com
1022,271,GreenLeaf,orders.greenleaf@naturemail.com
1023,241,Everest,order.everest@businessmail.com
1024,392,Astra,restock.astra@gmail.com
1025,290,Solace,replenish.solace@wellnesshub.com
1026,177,Harbor,restock.habor99@yahoo.com
1027,299,GreenLeaf,orders.greenleaf@naturemail.com
1028,199,Harbor,restock.habor99@yahoo.com
1029,391,Zenith,supply.zenith@zenithworks.com
1030,138,Acme,restock.acme123@outlook.com
1031,488,Solace,replenish.solace@wellnesshub.com
1032,460,GreenLeaf,orders.greenleaf@naturemail.com
1033,491,Orion,restock@orionteam.com
1034,230,Nimbus,replenish.nimbus@cloudmail.net
1035,210,Zenith,supply.zenith@zenithworks.com
1036,160,Pulse,supply.pulse@serviceprovider.com
1037,110,Solace,replenish.solace@wellnesshub.com
1038,310,Nimbus,replenish.nimbus@cloudmail.net
1039,292,Nimbus,replenish.nimbus@cloudmail.net
1040,341,Willow,orders.willow@treehouse.com
1041,357,NeoTech,order@neotechsolutions.com
1042,245,Pulse,supply.pulse@serviceprovider.com
1043,426,NeoTech,order@neotechsolutions.com
1044,288,Nimbus,replenish.nimbus@cloudmail.net
1045,184,Pulse,supply.pulse@serviceprovider.com
1046,114,Zenith,supply.zenith@zenithworks.com
1047,134,Pulse,supply.pulse@serviceprovider.com
1048,235,Astra,restock.astra@gmail.com
1049,116,Zenith,supply.zenith@zenithworks.com
1050,297,Acme,restock.acme123@outlook.com
1051,190,Nimbus,replenish.nimbus@cloudmail.net
1052,378,NeoTech,order@neotechsolutions.com
1053,328,NeoTech,order@neotechsolutions.com
1054,174,Orion,restock@orionteam.com
1055,133,Harbor,restock.habor99@yahoo.com
1056,342,Willow,orders.willow@treehouse.com
1057,228,Acme,restock.acme123@outlook.com
1058,398,Nimbus,replenish.nimbus@cloudmail.net
1059,383,Harbor,restock.habor99@yahoo.com
1060,227,Zenith,supply.zenith@zenithworks.com
1061,255,Pulse,supply.pulse@serviceprovider.com
1062,270,Acme,restock.acme123@outlook.com
1063,276,GreenLeaf,orders.greenleaf@naturemail.com
1064,437,Zenith,supply.zenith@zenithworks.com
1065,478,Zenith,supply.zenith@zenithworks.com
1066,111,Nimbus,replenish.nimbus@cloudmail.net
1067,494,GreenLeaf,orders.greenleaf@naturemail.com
1068,257,Zenith,supply.zenith@zenithworks.com
1069,125,Nimbus,replenish.nimbus@cloudmail.net
1070,122,Harbor,restock.habor99@yahoo.com
1071,497,Willow,orders.willow@treehouse.com
1072,384,Harbor,restock.habor99@yahoo.com
1073,443,Everest,order.everest@businessmail.com
1074,108,Solace,replenish.solace@wellnesshub.com
1075,406,Harbor,restock.habor99@yahoo.com
1076,256,Pulse,supply.pulse@serviceprovider.com
1077,406,Zenith,supply.zenith@zenithworks.com
1078,470,Astra,restock.astra@gmail.com
1079,173,Orion,restock@orionteam.com
1080,440,Acme,restock.acme123@outlook.com
1081,467,Astra,restock.astra@gmail.com
1082,278,Orion,restock@orionteam.com
1083,336,Astra,restock.astra@gmail.com
1084,395,Zenith,supply.zenith@zenithworks.com
1085,163,Harbor,restock.habor99@yahoo.com
1086,329,GreenLeaf,orders.greenleaf@naturemail.com
1087,182,Solace,replenish.solace@wellnesshub.com
1088,186,Everest,order.everest@businessmail.com
1089,235,NeoTech,order@neotechsolutions.com
1090,283,Solace,replenish.solace@wellnesshub.com
1091,327,Solace,replenish.solace@wellnesshub.com
1092,203,Orion,restock@orionteam.com
1093,270,Harbor,restock.habor99@yahoo.com
1094,490,Astra,restock.astra@gmail.com
1095,232,Willow,orders.willow@treehouse.com
1096,267,Acme,restock.acme123@outlook.com
1097,497,Astra,restock.astra@gmail.com
1098,431,Willow,orders.willow@treehouse.com
1099,433,GreenLeaf,orders.greenleaf@naturemail.com
1100,281,Nimbus,replenish.nimbus@cloudmail.net
1101,442,Harbor,restock.habor99@yahoo.com
1102,403,GreenLeaf,orders.greenleaf@naturemail.com
1103,452,GreenLeaf,orders.greenleaf@naturemail.com
1104,212,Orion,restock@orionteam.com
1105,359,Pulse,supply.pulse@serviceprovider.com
1106,413,Pulse,supply.pulse@serviceprovider.com
1107,379,Zenith,supply.zenith@zenithworks.com
1108,216,Harbor,restock.habor99@yahoo.com
1109,339,Acme,restock.acme123@outlook.com
1110,398,Zenith,supply.zenith@zenithworks.com
1111,248,Pulse,supply.pulse@serviceprovider.com
1112,258,Willow,orders.willow@treehouse.com
1113,310,Pulse,supply.pulse@serviceprovider.com
1114,424,Pulse,supply.pulse@serviceprovider.com
1115,146,Nimbus,replenish.nimbus@cloudmail.net
1116,369,Harbor,restock.habor99@yahoo.com
1117,283,Astra,restock.astra@gmail.com
1118,198,Willow,orders.willow@treehouse.com
1119,280,Nimbus,replenish.nimbus@cloudmail.net
1120,367,Nimbus,replenish.nimbus@cloudmail.net
1121,500,Orion,restock@orionteam.com
1122,251,Nimbus,replenish.nimbus@cloudmail.net
1123,270,NeoTech,order@neotechsolutions.com
1124,363,Solace,replenish.solace@wellnesshub.com
1125,280,Harbor,restock.habor99@yahoo.com
1126,279,NeoTech,order@neotechsolutions.com
1127,227,Everest,order.everest@businessmail.com
1128,306,Willow,orders.willow@treehouse.com
1129,104,Harbor,restock.habor99@yahoo.com
1130,461,Orion,restock@orionteam.com
1131,127,NeoTech,order@neotechsolutions.com
1132,232,Willow,orders.willow@treehouse.com
1133,344,GreenLeaf,orders.greenleaf@naturemail.com
1134,497,NeoTech,order@neotechsolutions.com
1135,273,NeoTech,order@neotechsolutions.com
1136,477,Nimbus,replenish.nimbus@cloudmail.net
1137,356,NeoTech,order@neotechsolutions.com
1138,150,Orion,restock@orionteam.com
1139,379,Willow,orders.willow@treehouse.com
1140,345,NeoTech,order@neotechsolutions.com
1141,270,Zenith,supply.zenith@zenithworks.com
1142,224,Nimbus,replenish.nimbus@cloudmail.net
1143,400,Orion,restock@orionteam.com
1144,367,GreenLeaf,orders.greenleaf@naturemail.com
1145,311,Zenith,supply.zenith@zenithworks.com
1146,102,Harbor,restock.habor99@yahoo.com
1147,429,Orion,restock@orionteam.com
1148,478,Solace,replenish.solace@wellnesshub.com
1149,197,Nimbus,replenish.nimbus@cloudmail.net
1150,187,Zenith,supply.zenith@zenithworks.com
1151,238,Zenith,supply.zenith@zenithworks.com
1152,321,Pulse,supply.pulse@serviceprovider.com
1153,144,NeoTech,order@neotechsolutions.com
1154,283,Acme,restock.acme123@outlook.com
1155,206,Solace,replenish.solace@wellnesshub.com
1156,429,Harbor,restock.habor99@yahoo.com
1157,112,Orion,restock@orionteam.com
1158,349,Nimbus,replenish.nimbus@cloudmail.net
1159,431,Acme,restock.acme123@outlook.com
1160,212,Everest,order.everest@businessmail.com
1161,131,Willow,orders.willow@treehouse.com
1162,463,Zenith,supply.zenith@zenithworks.com
1163,181,Everest,order.everest@businessmail.com
1164,365,GreenLeaf,orders.greenleaf@naturemail.com
1165,407,Willow,orders.willow@treehouse.com
1166,221,Solace,replenish.solace@wellnesshub.com
1167,237,Everest,order.everest@businessmail.com
1168,276,Solace,replenish.solace@wellnesshub.com
1169,494,Solace,replenish.solace@wellnesshub.com
1170,198,Acme,restock.acme123@outlook.com
1171,194,Zenith,supply.zenith@zenithworks.com
1172,332,NeoTech,order@neotechsolutions.com
1173,387,Willow,orders.willow@treehouse.com
1174,221,Zenith,supply.zenith@zenithworks.com
1175,126,Orion,restock@orionteam.com
1176,434,Orion,restock@orionteam.com
1177,182,Harbor,restock.habor99@yahoo.com
1178,475,Solace,replenish.solace@wellnesshub.com
1179,283,Astra,restock.astra@gmail.com
1180,162,Astra,restock.astra@gmail.com
1181,189,Pulse,supply.pulse@serviceprovider.com
1182,214,Pulse,supply.pulse@serviceprovider.com
1183,218,Nimbus,replenish.nimbus@cloudmail.net
1184,479,Acme,restock.acme123@outlook.com
1185,452,Harbor,restock.habor99@yahoo.com
1186,149,Solace,replenish.solace@wellnesshub.com
1187,287,Zenith,supply.zenith@zenithworks.com
1188,334,Astra,restock.astra@gmail.com
1189,270,Acme,restock.acme123@outlook.com
1190,102,Orion,restock@orionteam.com
1191,167,Pulse,supply.pulse@serviceprovider.com
1192,381,Pulse,supply.pulse@serviceprovider.com
1193,152,Zenith,supply.zenith@zenithworks.com
1194,400,Solace,replenish.solace@wellnesshub.com
1195,208,Astra,restock.astra@gmail.com
1196,424,Orion,restock@orionteam.com
1197,287,Harbor,restock.habor99@yahoo.com
1198,311,Everest,order.everest@businessmail.com
1199,258,Willow,orders.willow@treehouse.com
1200,115,Nimbus,replenish.nimbus@cloudmail.net
1201,295,Astra,restock.astra@gmail.com
1202,494,Zenith,supply.zenith@zenithworks.com
1203,270,Harbor,restock.habor99@yahoo.com
1204,307,NeoTech,order@neotechsolutions.com
1205,457,Orion,restock@orionteam.com
1206,174,GreenLeaf,orders.greenleaf@naturemail.com
1207,411,Zenith,supply.zenith@zenithworks.com
1208,377,Pulse,supply.pulse@serviceprovider.com
1209,329,Willow,orders.willow@treehouse.com
1210,422,GreenLeaf,orders.greenleaf@naturemail.com
1211,153,Pulse,supply.pulse@serviceprovider.com
1212,152,Harbor,restock.habor99@yahoo.com
1213,242,Nimbus,replenish.nimbus@cloudmail.net
1214,491,Nimbus,replenish.nimbus@cloudmail.net
1215,132,GreenLeaf,orders.greenleaf@naturemail.com
1216,310,Solace,replenish.solace@wellnesshub.com
1217,157,Everest,order.everest@businessmail.com
1218,382,NeoTech,order@neotechsolutions.com
1219,391,Pulse,supply.pulse@serviceprovider.com
1220,109,Willow,orders.willow@treehouse.com
1221,397,NeoTech,order@neotechsolutions.com
1222,461,NeoTech,order@neotechsolutions.com
1223,209,GreenLeaf,orders.greenleaf@naturemail.com
1224,267,Harbor,restock.habor99@yahoo.com
1225,298,Orion,restock@orionteam.com
1226,112,Willow,orders.willow@treehouse.com
1227,224,GreenLeaf,orders.greenleaf@naturemail.com
1228,144,Solace,replenish.solace@wellnesshub.com
1229,176,Willow,orders.willow@treehouse.com
1230,429,Orion,restock@orionteam.com
1231,271,Solace,replenish.solace@wellnesshub.com
1232,388,NeoTech,order@neotechsolutions.com
1233,313,GreenLeaf,orders.greenleaf@naturemail.com
1234,462,Nimbus,replenish.nimbus@cloudmail.net
1235,369,Everest,order.everest@businessmail.com
1236,456,NeoTech,order@neotechsolutions.com
1237,178,Solace,replenish.solace@wellnesshub.com
1238,488,Pulse,supply.pulse@serviceprovider.com
1239,427,Zenith,supply.zenith@zenithworks.com
1240,266,Nimbus,replenish.nimbus@cloudmail.net
1241,489,Harbor,restock.habor99@yahoo.com
1242,496,Astra,restock.astra@gmail.com
1243,165,GreenLeaf,orders.greenleaf@naturemail.com
1244,305,Zenith,supply.zenith@zenithworks.com
1245,378,Harbor,restock.habor99@yahoo.com
1246,415,Zenith,supply.zenith@zenithworks.com
1247,182,Nimbus,replenish.nimbus@cloudmail.net
1248,130,GreenLeaf,orders.greenleaf@naturemail.com
1249,466,GreenLeaf,orders.greenleaf@naturemail.com
1250,110,Harbor,restock.habor99@yahoo.com
1251,298,NeoTech,order@neotechsolutions.com
1252,426,GreenLeaf,orders.greenleaf@naturemail.com
1253,488,Zenith,supply.zenith@zenithworks.com
1254,442,Nimbus,replenish.nimbus@cloudmail.net
1255,233,Harbor,restock.habor99@yahoo.com
1256,354,Astra,restock.astra@gmail.com
1257,401,Nimbus,replenish.nimbus@cloudmail.net
1258,157,Nimbus,replenish.nimbus@cloudmail.net
1259,189,Solace,replenish.solace@wellnesshub.com
1260,104,Willow,orders.willow@treehouse.com
1261,260,Willow,orders.willow@treehouse.com
1262,405,NeoTech,order@neotechsolutions.com
1263,187,Acme,restock.acme123@outlook.com
1264,431,Orion,restock@orionteam.com
1265,400,Harbor,restock.habor99@yahoo.com
1266,237,NeoTech,order@neotechsolutions.com
1267,198,Nimbus,replenish.nimbus@cloudmail.net
1268,461,NeoTech,order@neotechsolutions.com
1269,266,Nimbus,replenish.nimbus@cloudmail.net
1270,449,Everest,order.everest@businessmail.com
1271,160,Solace,replenish.solace@wellnesshub.com
1272,396,Willow,orders.willow@treehouse.com
1273,146,NeoTech,order@neotechsolutions.com
1274,494,Nimbus,replenish.nimbus@cloudmail.net
1275,251,Nimbus,replenish.nimbus@cloudmail.net
1276,114,Harbor,restock.habor99@yahoo.com
1277,467,NeoTech,order@neotechsolutions.com
1278,216,Willow,orders.willow@treehouse.com
1279,291,GreenLeaf,orders.greenleaf@naturemail.com
1280,443,Orion,restock@orionteam.com
1281,392,Solace,replenish.solace@wellnesshub.com
1282,500,Solace,replenish.solace@wellnesshub.com
1283,345,Orion,restock@orionteam.com
1284,399,Pulse,supply.pulse@serviceprovider.com
1285,120,Zenith,supply.zenith@zenithworks.com
1286,381,NeoTech,order@neotechsolutions.com
1287,282,Harbor,restock.habor99@yahoo.com
1288,278,Pulse,supply.pulse@serviceprovider.com
1289,306,Zenith,supply.zenith@zenithworks.com
1290,362,Solace,replenish.solace@wellnesshub.com
1291,191,Zenith,supply.zenith@zenithworks.com
1292,456,Astra,restock.astra@gmail.com
1293,325,Zenith,supply.zenith@zenithworks.com
1294,349,Solace,replenish.solace@wellnesshub.com
1295,210,Acme,restock.acme123@outlook.com
1296,299,Harbor,restock.habor99@yahoo.com
1297,414,Nimbus,replenish.nimbus@cloudmail.net
1298,202,Astra,restock.astra@gmail.com
1299,126,Everest,order.everest@businessmail.com
1300,172,Harbor,restock.habor99@yahoo.com
1301,390,Astra,restock.astra@gmail.com
1302,412,Astra,restock.astra@gmail.com
1303,134,GreenLeaf,orders.greenleaf@naturemail.com
1304,277,Solace,replenish.solace@wellnesshub.com
1305,255,Nimbus,replenish.nimbus@cloudmail.net
1306,339,Orion,restock@orionteam.com
1307,307,Zenith,supply.zenith@zenithworks.com
1308,469,Willow,orders.willow@treehouse.com
1309,215,Solace,replenish.solace@wellnesshub.com
1310,249,Solace,replenish.solace@wellnesshub.com
1311,328,Zenith,supply.zenith@zenithworks.com
1312,470,Harbor,restock.habor99@yahoo.com
1313,176,Harbor,restock.habor99@yahoo.com
1314,384,Orion,restock@orionteam.com
1315,276,Everest,order.everest@businessmail.com
1316,298,Nimbus,replenish.nimbus@cloudmail.net
1317,344,Everest,order.everest@businessmail.com
1318,202,Orion,restock@orionteam.com
1319,271,Solace,replenish.solace@wellnesshub.com
1320,212,Pulse,supply.pulse@serviceprovider.com
1321,119,Willow,orders.willow@treehouse.com
1322,433,GreenLeaf,orders.greenleaf@naturemail.com
1323,149,GreenLeaf,orders.greenleaf@naturemail.com
1324,473,GreenLeaf,orders.greenleaf@naturemail.com
1325,464,Willow,orders.willow@treehouse.com
1326,283,GreenLeaf,orders.greenleaf@naturemail.com
1327,430,Acme,restock.acme123@outlook.com
1328,345,NeoTech,order@neotechsolutions.com
1329,456,Willow,orders.willow@treehouse.com
1330,287,NeoTech,order@neotechsolutions.com
1331,472,Harbor,restock.habor99@yahoo.com
1332,338,Orion,restock@orionteam.com
1333,398,Nimbus,replenish.nimbus@cloudmail.net
1334,412,Solace,replenish.solace@wellnesshub.com
1335,217,Solace,replenish.solace@wellnesshub.com
1336,172,Solace,replenish.solace@wellnesshub.com
1337,269,NeoTech,order@neotechsolutions.com
1338,112,Astra,restock.astra@gmail.com
1339,101,Orion,restock@orionteam.com
1340,346,GreenLeaf,orders.greenleaf@naturemail.com
1341,211,Harbor,restock.habor99@yahoo.com
1342,251,Orion,restock@orionteam.com
1343,366,GreenLeaf,orders.greenleaf@naturemail.com
1344,184,Orion,restock@orionteam.com
1345,118,Nimbus,replenish.nimbus@cloudmail.net
1346,231,Everest,order.everest@businessmail.com
1347,277,Astra,restock.astra@gmail.com
1348,187,Astra,restock.astra@gmail.com
1349,432,Acme,restock.acme123@outlook.com
1350,495,Harbor,restock.habor99@yahoo.com
1351,158,GreenLeaf,orders.greenleaf@naturemail.com
1352,325,Astra,restock.astra@gmail.com
1353,344,Orion,restock@orionteam.com
1354,325,Harbor,restock.habor99@yahoo.com
1355,385,Harbor,restock.habor99@yahoo.com
1356,403,Zenith,supply.zenith@zenithworks.com
1357,266,Nimbus,replenish.nimbus@cloudmail.net
1358,322,Orion,restock@orionteam.com
1359,376,Orion,restock@orionteam.com
1360,111,GreenLeaf,orders.greenleaf@naturemail.com
1361,226,Acme,restock.acme123@outlook.com
1362,496,Orion,restock@orionteam.com
1363,453,GreenLeaf,orders.greenleaf@naturemail.com
1364,461,Acme,restock.acme123@outlook.com
1365,475,Willow,orders.willow@treehouse.com
1366,374,Pulse,supply.pulse@serviceprovider.com
1367,115,Orion,restock@orionteam.com
1368,170,Pulse,supply.pulse@serviceprovider.com
1369,367,Harbor,restock.habor99@yahoo.com
1370,184,Harbor,restock.habor99@yahoo.com
1371,212,Acme,restock.acme123@outlook.com
1372,491,Everest,order.everest@businessmail.com
1373,394,Solace,replenish.solace@wellnesshub.com
1374,178,Orion,restock@orionteam.com
1375,233,Astra,restock.astra@gmail.com
1376,325,Harbor,restock.habor99@yahoo.com
1377,443,Harbor,restock.habor99@yahoo.com
1378,353,NeoTech,order@neotechsolutions.com
1379,242,Willow,orders.willow@treehouse.com
1380,481,Harbor,restock.habor99@yahoo.com
1381,211,Solace,replenish.solace@wellnesshub.com
1382,267,Astra,restock.astra@gmail.com
1383,359,Everest,order.everest@businessmail.com
1384,368,Pulse,supply.pulse@serviceprovider.com
1385,362,Willow,orders.willow@treehouse.com
1386,465,NeoTech,order@neotechsolutions.com
1387,356,Harbor,restock.habor99@yahoo.com
1388,444,Harbor,restock.habor99@yahoo.com
1389,240,GreenLeaf,orders.greenleaf@naturemail.com
1390,371,Willow,orders.willow@treehouse.com
1391,218,Astra,restock.astra@gmail.com
1392,238,NeoTech,order@neotechsolutions.com
1393,276,Willow,orders.willow@treehouse.com
1394,152,GreenLeaf,orders.greenleaf@naturemail.com
1395,234,Everest,order.everest@businessmail.com
1396,161,Nimbus,replenish.nimbus@cloudmail.net
1397,130,Zenith,supply.zenith@zenithworks.com
1398,209,Zenith,supply.zenith@zenithworks.com
1399,298,Nimbus,replenish.nimbus@cloudmail.net
1400,332,Orion,restock@orionteam.com
1401,418,Astra,restock.astra@gmail.com
1402,208,Astra,restock.astra@gmail.com
1403,298,Willow,orders.willow@treehouse.com
1404,443,Pulse,supply.pulse@serviceprovider.com
1405,332,Solace,replenish.solace@wellnesshub.com
1406,230,Acme,restock.acme123@outlook.com
1407,316,Nimbus,replenish.nimbus@cloudmail.net
1408,386,Astra,restock.astra@gmail.com
1409,153,Willow,orders.willow@treehouse.com
1410,470,NeoTech,order@neotechsolutions.com
1411,451,Astra,restock.astra@gmail.com
1412,495,Everest,order.everest@businessmail.com
1413,262,Zenith,supply.zenith@zenithworks.com
1414,360,Astra,restock.astra@gmail.com
1415,299,GreenLeaf,orders.greenleaf@naturemail.com
1416,485,Harbor,restock.habor99@yahoo.com
1417,102,GreenLeaf,orders.greenleaf@naturemail.com
1418,223,Zenith,supply.zenith@zenithworks.com
1419,285,GreenLeaf,orders.greenleaf@naturemail.com
1420,128,NeoTech,order@neotechsolutions.com
1421,451,Astra,restock.astra@gmail.com
1422,193,Solace,replenish.solace@wellnesshub.com
1423,291,Astra,restock.astra@gmail.com
1424,344,GreenLeaf,orders.greenleaf@naturemail.com
1425,296,Everest,order.everest@businessmail.com
1426,395,Nimbus,replenish.nimbus@cloudmail.net
1427,249,Acme,restock.acme123@outlook.com
1428,301,Harbor,restock.habor99@yahoo.com
1429,415,Acme,restock.acme123@outlook.com
1430,285,Astra,restock.astra@gmail.com
1431,171,Pulse,supply.pulse@serviceprovider.com
1432,199,Nimbus,replenish.nimbus@cloudmail.net
1433,479,NeoTech,order@neotechsolutions.com
1434,481,Harbor,restock.habor99@yahoo.com
1435,110,Harbor,restock.habor99@yahoo.com
1436,115,Zenith,supply.zenith@zenithworks.com
1437,383,Solace,replenish.solace@wellnesshub.com
1438,209,Zenith,supply.zenith@zenithworks.com
1439,127,Pulse,supply.pulse@serviceprovider.com
1440,197,NeoTech,order@neotechsolutions.com
1441,478,Zenith,supply.zenith@zenithworks.com
1442,296,Harbor,restock.habor99@yahoo.com
1443,239,Pulse,supply.pulse@serviceprovider.com
1444,122,Harbor,restock.habor99@yahoo.com
1445,361,GreenLeaf,orders.greenleaf@naturemail.com
1446,152,Harbor,restock.habor99@yahoo.com
1447,345,Acme,restock.acme123@outlook.com
1448,343,Harbor,restock.habor99@yahoo.com
1449,336,Pulse,supply.pulse@serviceprovider.com
1450,146,Zenith,supply.zenith@zenithworks.com
1451,417,Solace,replenish.solace@wellnesshub.com
1452,137,Harbor,restock.habor99@yahoo.com
1453,220,Nimbus,replenish.nimbus@cloudmail.net
1454,294,Zenith,supply.zenith@zenithworks.com
1455,443,Pulse,supply.pulse@serviceprovider.com
1456,195,Willow,orders.willow@treehouse.com
1457,490,GreenLeaf,orders.greenleaf@naturemail.com
1458,360,NeoTech,order@neotechsolutions.com
1459,440,Harbor,restock.habor99@yahoo.com
1460,402,Solace,replenish.solace@wellnesshub.com
1461,255,Willow,orders.willow@treehouse.com
1462,499,Zenith,supply.zenith@zenithworks.com
1463,257,Harbor,restock.habor99@yahoo.com
1464,383,Pulse,supply.pulse@serviceprovider.com
1465,498,Astra,restock.astra@gmail.com
1466,236,Orion,restock@orionteam.com
1467,108,Everest,order.everest@businessmail.com
1468,228,NeoTech,order@neotechsolutions.com
1469,289,Orion,restock@orionteam.com
1470,146,Willow,orders.willow@treehouse.com
1471,210,NeoTech,order@neotechsolutions.com
1472,100,Zenith,supply.zenith@zenithworks.com
1473,208,Orion,restock@orionteam.com
1474,407,Astra,restock.astra@gmail.com
1475,356,Nimbus,replenish.nimbus@cloudmail.net
1476,340,Nimbus,replenish.nimbus@cloudmail.net
1477,377,GreenLeaf,orders.greenleaf@naturemail.com
1478,262,Astra,restock.astra@gmail.com
1479,276,Pulse,supply.pulse@serviceprovider.com
1480,435,GreenLeaf,orders.greenleaf@naturemail.com
1481,457,Harbor,restock.habor99@yahoo.com
1482,478,Harbor,restock.habor99@yahoo.com
1483,254,Astra,restock.astra@gmail.com
1484,292,Astra,restock.astra@gmail.com
1485,345,Pulse,supply.pulse@serviceprovider.com
1486,396,Acme,restock.acme123@outlook.com
1487,449,Zenith,supply.zenith@zenithworks.com
1488,355,Zenith,supply.zenith@zenithworks.com
1489,360,Everest,order.everest@businessmail.com
1490,302,Orion,restock@orionteam.com
1491,377,Zenith,supply.zenith@zenithworks.com
1492,270,Nimbus,replenish.nimbus@cloudmail.net
1493,488,Solace,replenish.solace@wellnesshub.com
1494,131,NeoTech,order@neotechsolutions.com
1495,133,Acme,restock.acme123@outlook.com
1496,243,Astra,restock.astra@gmail.com
1497,254,Harbor,restock.habor99@yahoo.com
1498,180,Acme,restock.acme123@outlook.com
1499,346,Orion,restock@orionteam.com
1500,108,Nimbus,replenish.nimbus@cloudmail.net
1501,298,Willow,orders.willow@treehouse.com
1502,317,Willow,orders.willow@treehouse.com
1503,470,NeoTech,order@neotechsolutions.com
1504,194,Harbor,restock.habor99@yahoo.com
1505,247,NeoTech,order@neotechsolutions.com
1506,480,Nimbus,replenish.nimbus@cloudmail.net
1507,253,Harbor,restock.habor99@yahoo.com
1508,317,Pulse,supply.pulse@serviceprovider.com
1509,165,Everest,order.everest@businessmail.com
1510,381,GreenLeaf,orders.greenleaf@naturemail.com
1511,130,GreenLeaf,orders.greenleaf@naturemail.com
1512,145,Harbor,restock.habor99@yahoo.com
1513,457,Zenith,supply.zenith@zenithworks.com
1514,367,NeoTech,order@neotechsolutions.com
1515,211,Zenith,supply.zenith@zenithworks.com
1516,390,Everest,order.everest@businessmail.com
1517,125,GreenLeaf,orders.greenleaf@naturemail.com
1518,136,Zenith,supply.zenith@zenithworks.com
1519,489,Harbor,restock.habor99@yahoo.com
1520,337,Pulse,supply.pulse@serviceprovider.com
1521,452,Acme,restock.acme123@outlook.com
1522,482,Harbor,restock.habor99@yahoo.com
1523,391,Pulse,supply.pulse@serviceprovider.com
1524,125,Zenith,supply.zenith@zenithworks.com
1525,241,Astra,restock.astra@gmail.com
1526,107,Orion,restock@orionteam.com
1527,277,Willow,orders.willow@treehouse.com
1528,157,Pulse,supply.pulse@serviceprovider.com
1529,303,NeoTech,order@neotechsolutions.com
1530,370,NeoTech,order@neotechsolutions.com
1531,142,Pulse,supply.pulse@serviceprovider.com
1532,387,NeoTech,order@neotechsolutions.com
1533,290,GreenLeaf,orders.greenleaf@naturemail.com
1534,419,Zenith,supply.zenith@zenithworks.com
1535,317,Astra,restock.astra@gmail.com
1536,416,Nimbus,replenish.nimbus@cloudmail.net
1537,239,NeoTech,order@neotechsolutions.com
1538,195,Astra,restock.astra@gmail.com
1539,261,Willow,orders.willow@treehouse.com
1540,478,Harbor,restock.habor99@yahoo.com
1541,192,Solace,replenish.solace@wellnesshub.com
1542,414,Willow,orders.willow@treehouse.com
1543,247,Nimbus,replenish.nimbus@cloudmail.net
1544,216,Harbor,restock.habor99@yahoo.com
1545,445,NeoTech,order@neotechsolutions.com
1546,125,Nimbus,replenish.nimbus@cloudmail.net
1547,328,Orion,restock@orionteam.com
1548,455,Solace,replenish.solace@wellnesshub.com
1549,336,GreenLeaf,orders.greenleaf@naturemail.com
1550,425,Zenith,supply.zenith@zenithworks.com
1551,179,GreenLeaf,orders.greenleaf@naturemail.com
1552,380,Nimbus,replenish.nimbus@cloudmail.net
1553,283,Pulse,supply.pulse@serviceprovider.com
1554,378,Astra,restock.astra@gmail.com
1555,399,Acme,restock.acme123@outlook.com
1556,315,Harbor,restock.habor99@yahoo.com
1557,438,Acme,restock.acme123@outlook.com
1558,268,Everest,order.everest@businessmail.com
1559,458,Nimbus,replenish.nimbus@cloudmail.net
1560,441,Everest,order.everest@businessmail.com
1561,294,Nimbus,replenish.nimbus@cloudmail.net
1562,403,GreenLeaf,orders.greenleaf@naturemail.com
1563,162,Everest,order.everest@businessmail.com
1564,198,GreenLeaf,orders.greenleaf@naturemail.com
1565,341,Pulse,supply.pulse@serviceprovider.com
1566,369,Willow,orders.willow@treehouse.com
1567,373,Zenith,supply.zenith@zenithworks.com
1568,255,Pulse,supply.pulse@serviceprovider.com
1569,281,Everest,order.everest@businessmail.com
1570,378,Willow,orders.willow@treehouse.com
1571,372,Orion,restock@orionteam.com
1572,369,Everest,order.everest@businessmail.com
1573,297,Zenith,supply.zenith@zenithworks.com
1574,349,Solace,replenish.solace@wellnesshub.com
1575,306,Nimbus,replenish.nimbus@cloudmail.net
1576,318,Nimbus,replenish.nimbus@cloudmail.net
1577,149,Solace,replenish.solace@wellnesshub.com
1578,213,Pulse,supply.pulse@serviceprovider.com
1579,398,Willow,orders.willow@treehouse.com
1580,439,Everest,order.everest@businessmail.com
1581,191,Everest,order.everest@businessmail.com
1582,419,Solace,replenish.solace@wellnesshub.com
1583,476,Orion,restock@orionteam.com
1584,378,NeoTech,order@neotechsolutions.com
1585,278,Everest,order.everest@businessmail.com
1586,171,Pulse,supply.pulse@serviceprovider.com
1587,232,Zenith,supply.zenith@zenithworks.com
1588,479,GreenLeaf,orders.greenleaf@naturemail.com
1589,107,Harbor,restock.habor99@yahoo.com
1590,391,Solace,replenish.solace@wellnesshub.com
1591,350,Solace,replenish.solace@wellnesshub.com
1592,377,NeoTech,order@neotechsolutions.com
1593,402,Harbor,restock.habor99@yahoo.com
1594,238,Pulse,supply.pulse@serviceprovider.com
1595,469,Pulse,supply.pulse@serviceprovider.com
1596,391,Pulse,supply.pulse@serviceprovider.com
1597,217,Harbor,restock.habor99@yahoo.com
1598,239,NeoTech,order@neotechsolutions.com
1599,458,Willow,orders.willow@treehouse.com
1600,328,Harbor,restock.habor99@yahoo.com
1601,114,GreenLeaf,orders.greenleaf@naturemail.com
1602,411,Everest,order.everest@businessmail.com
1603,449,NeoTech,order@neotechsolutions.com
1604,271,Harbor,restock.habor99@yahoo.com
1605,218,Harbor,restock.habor99@yahoo.com
1606,260,GreenLeaf,orders.greenleaf@naturemail.com
1607,395,Solace,replenish.solace@wellnesshub.com
1608,139,Orion,restock@orionteam.com
1609,495,Nimbus,replenish.nimbus@cloudmail.net
1610,173,Everest,order.everest@businessmail.com
1611,434,Willow,orders.willow@treehouse.com
1612,428,Astra,restock.astra@gmail.com
1613,317,Zenith,supply.zenith@zenithworks.com
1614,499,Solace,replenish.solace@wellnesshub.com
1615,143,NeoTech,order@neotechsolutions.com
1616,250,GreenLeaf,orders.greenleaf@naturemail.com
1617,112,Astra,restock.astra@gmail.com
1618,461,Acme,restock.acme123@outlook.com
1619,382,Everest,order.everest@businessmail.com
1620,390,Zenith,supply.zenith@zenithworks.com
1621,255,Harbor,restock.habor99@yahoo.com
1622,389,Willow,orders.willow@treehouse.com
1623,494,Solace,replenish.solace@wellnesshub.com
1624,370,Pulse,supply.pulse@serviceprovider.com
1625,300,Harbor,restock.habor99@yahoo.com
1626,214,Nimbus,replenish.nimbus@cloudmail.net
1627,277,Nimbus,replenish.nimbus@cloudmail.net
1628,313,Zenith,supply.zenith@zenithworks.com
1629,237,NeoTech,order@neotechsolutions.com
1630,370,Nimbus,replenish.nimbus@cloudmail.net
1631,216,Acme,restock.acme123@outlook.com
1632,127,GreenLeaf,orders.greenleaf@naturemail.com
1633,430,Nimbus,replenish.nimbus@cloudmail.net
1634,175,Pulse,supply.pulse@serviceprovider.com
1635,491,Nimbus,replenish.nimbus@cloudmail.net
1636,129,Solace,replenish.solace@wellnesshub.com
1637,319,Harbor,restock.habor99@yahoo.com
1638,482,Harbor,restock.habor99@yahoo.com
1639,371,Everest,order.everest@businessmail.com
1640,250,GreenLeaf,orders.greenleaf@naturemail.com
1641,160,NeoTech,order@neotechsolutions.com
1642,346,Acme,restock.acme123@outlook.com
1643,481,Acme,restock.acme123@outlook.com
1644,160,Acme,restock.acme123@outlook.com
1645,492,Nimbus,replenish.nimbus@cloudmail.net
1646,347,Orion,restock@orionteam.com
1647,231,Acme,restock.acme123@outlook.com
1648,258,Everest,order.everest@businessmail.com
1649,275,Harbor,restock.habor99@yahoo.com
1650,131,Solace,replenish.solace@wellnesshub.com
1651,312,Acme,restock.acme123@outlook.com
1652,484,Nimbus,replenish.nimbus@cloudmail.net
1653,431,Nimbus,replenish.nimbus@cloudmail.net
1654,425,GreenLeaf,orders.greenleaf@naturemail.com
1655,153,Pulse,supply.pulse@serviceprovider.com
1656,272,Orion,restock@orionteam.com
1657,262,Solace,replenish.solace@wellnesshub.com
1658,457,Harbor,restock.habor99@yahoo.com
1659,220,Willow,orders.willow@treehouse.com
1660,438,GreenLeaf,orders.greenleaf@naturemail.com
1661,494,Acme,restock.acme123@outlook.com
1662,303,Nimbus,replenish.nimbus@cloudmail.net
1663,100,NeoTech,order@neotechsolutions.com
1664,476,Willow,orders.willow@treehouse.com
1665,443,Astra,restock.astra@gmail.com
1666,143,GreenLeaf,orders.greenleaf@naturemail.com
1667,278,Solace,replenish.solace@wellnesshub.com
1668,304,GreenLeaf,orders.greenleaf@naturemail.com
1669,366,Solace,replenish.solace@wellnesshub.com
1670,276,NeoTech,order@neotechsolutions.com
1671,413,Nimbus,replenish.nimbus@cloudmail.net
1672,114,NeoTech,order@neotechsolutions.com
1673,360,Harbor,restock.habor99@yahoo.com
1674,143,Orion,restock@orionteam.com
1675,263,Solace,replenish.solace@wellnesshub.com
1676,195,Acme,restock.acme123@outlook.com
1677,358,Nimbus,replenish.nimbus@cloudmail.net
1678,394,Orion,restock@orionteam.com
1679,157,GreenLeaf,orders.greenleaf@naturemail.com
1680,305,Willow,orders.willow@treehouse.com
1681,299,Astra,restock.astra@gmail.com
1682,369,Orion,restock@orionteam.com
1683,108,NeoTech,order@neotechsolutions.com
1684,147,Acme,restock.acme123@outlook.com
1685,233,Nimbus,replenish.nimbus@cloudmail.net
1686,133,Pulse,supply.pulse@serviceprovider.com
1687,354,Orion,restock@orionteam.com
1688,349,Zenith,supply.zenith@zenithworks.com
1689,397,Willow,orders.willow@treehouse.com
1690,119,Solace,replenish.solace@wellnesshub.com
1691,347,Everest,order.everest@businessmail.com
1692,182,Acme,restock.acme123@outlook.com
1693,387,GreenLeaf,orders.greenleaf@naturemail.com
1694,104,Solace,replenish.solace@wellnesshub.com
1695,192,Pulse,supply.pulse@serviceprovider.com
1696,240,Astra,restock.astra@gmail.com
1697,394,NeoTech,order@neotechsolutions.com
1698,448,GreenLeaf,orders.greenleaf@naturemail.com
1699,240,Nimbus,replenish.nimbus@cloudmail.net
1700,109,Harbor,restock.habor99@yahoo.com
1701,356,Willow,orders.willow@treehouse.com
1702,274,Pulse,supply.pulse@serviceprovider.com
1703,308,Willow,orders.willow@treehouse.com
1704,106,NeoTech,order@neotechsolutions.com
1705,185,Astra,restock.astra@gmail.com
1706,426,Willow,orders.willow@treehouse.com
1707,400,Willow,orders.willow@treehouse.com
1708,200,Orion,restock@orionteam.com
1709,415,Nimbus,replenish.nimbus@cloudmail.net
1710,425,Zenith,supply.zenith@zenithworks.com
1711,132,Acme,restock.acme123@outlook.com
1712,490,Zenith,supply.zenith@zenithworks.com
1713,200,Zenith,supply.zenith@zenithworks.com
1714,244,NeoTech,order@neotechsolutions.com
1715,297,Everest,order.everest@businessmail.com
1716,163,Acme,restock.acme123@outlook.com
1717,172,Orion,restock@orionteam.com
1718,176,Acme,restock.acme123@outlook.com
1719,300,Zenith,supply.zenith@zenithworks.com
1720,108,Harbor,restock.habor99@yahoo.com
1721,208,Everest,order.everest@businessmail.com
1722,201,Everest,order.everest@businessmail.com
1723,285,Everest,order.everest@businessmail.com
1724,369,NeoTech,order@neotechsolutions.com
1725,461,Willow,orders.willow@treehouse.com
1726,433,Zenith,supply.zenith@zenithworks.com
1727,165,Harbor,restock.habor99@yahoo.com
1728,212,Harbor,restock.habor99@yahoo.com
1729,321,NeoTech,order@neotechsolutions.com
1730,421,Zenith,supply.zenith@zenithworks.com
1731,141,GreenLeaf,orders.greenleaf@naturemail.com
1732,340,Pulse,supply.pulse@serviceprovider.com
1733,387,Zenith,supply.zenith@zenithworks.com
1734,456,Astra,restock.astra@gmail.com
1735,474,Astra,restock.astra@gmail.com
1736,294,GreenLeaf,orders.greenleaf@naturemail.com
1737,190,Zenith,supply.zenith@zenithworks.com
1738,495,Nimbus,replenish.nimbus@cloudmail.net
1739,434,Everest,order.everest@businessmail.com
1740,201,Pulse,supply.pulse@serviceprovider.com
1741,383,Solace,replenish.solace@wellnesshub.com
1742,262,GreenLeaf,orders.greenleaf@naturemail.com
1743,430,Zenith,supply.zenith@zenithworks.com
1744,207,Acme,restock.acme123@outlook.com
1745,110,Solace,replenish.solace@wellnesshub.com
1746,150,Solace,replenish.solace@wellnesshub.com
1747,160,Zenith,supply.zenith@zenithworks.com
1748,156,Solace,replenish.solace@wellnesshub.com
1749,204,Zenith,supply.zenith@zenithworks.com
1750,107,Solace,replenish.solace@wellnesshub.com
1751,280,Everest,order.everest@businessmail.com
1752,195,GreenLeaf,orders.greenleaf@naturemail.com
1753,305,Zenith,supply.zenith@zenithworks.com
1754,304,Zenith,supply.zenith@zenithworks.com
1755,215,GreenLeaf,orders.greenleaf@naturemail.com
1756,400,Astra,restock.astra@gmail.com
1757,385,Zenith,supply.zenith@zenithworks.com
1758,382,Everest,order.everest@businessmail.com
1759,414,NeoTech,order@neotechsolutions.com
1760,339,Everest,order.everest@businessmail.com
1761,386,Everest,order.everest@businessmail.com
1762,279,Harbor,restock.habor99@yahoo.com
1763,304,Orion,restock@orionteam.com
1764,470,Willow,orders.willow@treehouse.com
1765,321,GreenLeaf,orders.greenleaf@naturemail.com
1766,195,Willow,orders.willow@treehouse.com
1767,462,Harbor,restock.habor99@yahoo.com
1768,152,GreenLeaf,orders.greenleaf@naturemail.com
1769,311,Acme,restock.acme123@outlook.com
1770,492,Willow,orders.willow@treehouse.com
1771,322,GreenLeaf,orders.greenleaf@naturemail.com
1772,254,Acme,restock.acme123@outlook.com
1773,491,Orion,restock@orionteam.com
1774,387,Astra,restock.astra@gmail.com
1775,130,Zenith,supply.zenith@zenithworks.com
1776,464,Orion,restock@orionteam.com
1777,308,NeoTech,order@neotechsolutions.com
1778,276,Solace,replenish.solace@wellnesshub.com
1779,152,Orion,restock@orionteam.com
1780,454,Pulse,supply.pulse@serviceprovider.com
1781,141,Pulse,supply.pulse@serviceprovider.com
1782,174,Zenith,supply.zenith@zenithworks.com
1783,166,Willow,orders.willow@treehouse.com
1784,260,Everest,order.everest@businessmail.com
1785,468,Solace,replenish.solace@wellnesshub.com
1786,231,Astra,restock.astra@gmail.com
1787,120,Willow,orders.willow@treehouse.com
1788,416,Zenith,supply.zenith@zenithworks.com
1789,129,Willow,orders.willow@treehouse.com
1790,193,Zenith,supply.zenith@zenithworks.com
1791,459,Acme,restock.acme123@outlook.com
1792,319,Harbor,restock.habor99@yahoo.com
1793,295,Acme,restock.acme123@outlook.com
1794,243,Willow,orders.willow@treehouse.com
1795,470,Orion,restock@orionteam.com
1796,339,Zenith,supply.zenith@zenithworks.com
1797,347,GreenLeaf,orders.greenleaf@naturemail.com
1798,389,Harbor,restock.habor99@yahoo.com
1799,395,Astra,restock.astra@gmail.com
1800,142,Astra,restock.astra@gmail.com
1801,173,Harbor,restock.habor99@yahoo.com
1802,404,Everest,order.everest@businessmail.com
1803,226,NeoTech,order@neotechsolutions.com
1804,180,Harbor,restock.habor99@yahoo.com
1805,435,GreenLeaf,orders.greenleaf@naturemail.com
1806,360,Nimbus,replenish.nimbus@cloudmail.net
1807,154,Nimbus,replenish.nimbus@cloudmail.net
1808,126,Astra,restock.astra@gmail.com
1809,396,Zenith,supply.zenith@zenithworks.com
1810,306,NeoTech,order@neotechsolutions.com
1811,481,Everest,order.everest@businessmail.com
1812,370,Zenith,supply.zenith@zenithworks.com
1813,138,Pulse,supply.pulse@serviceprovider.com
1814,344,Nimbus,replenish.nimbus@cloudmail.net
1815,289,Harbor,restock.habor99@yahoo.com
1816,227,Willow,orders.willow@treehouse.com
1817,426,Harbor,restock.habor99@yahoo.com
1818,179,Willow,orders.willow@treehouse.com
1819,401,Everest,order.everest@businessmail.com
1820,321,NeoTech,order@neotechsolutions.com
1821,423,Orion,restock@orionteam.com
1822,451,Orion,restock@orionteam.com
1823,287,Willow,orders.willow@treehouse.com
1824,186,Solace,replenish.solace@wellnesshub.com
1825,478,Solace,replenish.solace@wellnesshub.com
1826,476,Solace,replenish.solace@wellnesshub.com
1827,120,Acme,restock.acme123@outlook.com
1828,255,Willow,orders.willow@treehouse.com
1829,486,Harbor,restock.habor99@yahoo.com
1830,352,Acme,restock.acme123@outlook.com
1831,267,Orion,restock@orionteam.com
1832,121,Orion,restock@orionteam.com
1833,194,Orion,restock@orionteam.com
1834,171,Nimbus,replenish.nimbus@cloudmail.net
1835,470,Everest,order.everest@businessmail.com
1836,427,Pulse,supply.pulse@serviceprovider.com
1837,376,Pulse,supply.pulse@serviceprovider.com
1838,179,Everest,order.everest@businessmail.com
1839,351,Zenith,supply.zenith@zenithworks.com
1840,181,Orion,restock@orionteam.com
1841,176,Willow,orders.willow@treehouse.com
1842,380,Orion,restock@orionteam.com
1843,213,Nimbus,replenish.nimbus@cloudmail.net
1844,217,Nimbus,replenish.nimbus@cloudmail.net
1845,458,Nimbus,replenish.nimbus@cloudmail.net
1846,248,Pulse,supply.pulse@serviceprovider.com
1847,317,GreenLeaf,orders.greenleaf@naturemail.com
1848,286,Astra,restock.astra@gmail.com
1849,360,GreenLeaf,orders.greenleaf@naturemail.com
1850,340,Willow,orders.willow@treehouse.com
1851,245,Acme,restock.acme123@outlook.com
1852,256,Everest,order.everest@businessmail.com
1853,174,Orion,restock@orionteam.com
1854,109,Astra,restock.astra@gmail.com
1855,244,Acme,restock.acme123@outlook.com
1856,223,GreenLeaf,orders.greenleaf@naturemail.com
1857,143,GreenLeaf,orders.greenleaf@naturemail.com
1858,498,Everest,order.everest@businessmail.com
1859,492,Orion,restock@orionteam.com
1860,496,Everest,order.everest@businessmail.com
1861,154,Acme,restock.acme123@outlook.com
1862,315,Zenith,supply.zenith@zenithworks.com
1863,387,Acme,restock.acme123@outlook.com
1864,227,Acme,restock.acme123@outlook.com
1865,204,Everest,order.everest@businessmail.com
1866,458,GreenLeaf,orders.greenleaf@naturemail.com
1867,162,Acme,restock.acme123@outlook.com
1868,482,Nimbus,replenish.nimbus@cloudmail.net
1869,199,Solace,replenish.solace@wellnesshub.com
1870,300,Acme,restock.acme123@outlook.com
1871,496,GreenLeaf,orders.greenleaf@naturemail.com
1872,467,Everest,order.everest@businessmail.com
1873,154,Acme,restock.acme123@outlook.com
1874,367,Willow,orders.willow@treehouse.com
1875,226,Orion,restock@orionteam.com
1876,406,Willow,orders.willow@treehouse.com
1877,490,Orion,restock@orionteam.com
1878,139,Pulse,supply.pulse@serviceprovider.com
1879,116,NeoTech,order@neotechsolutions.com
1880,331,Orion,restock@orionteam.com
1881,438,Acme,restock.acme123@outlook.com
1882,247,Astra,restock.astra@gmail.com
1883,344,Pulse,supply.pulse@serviceprovider.com
1884,110,Everest,order.everest@businessmail.com
1885,370,Zenith,supply.zenith@zenithworks.com
1886,302,Acme,restock.acme123@outlook.com
1887,411,Astra,restock.astra@gmail.com
1888,134,NeoTech,order@neotechsolutions.com
1889,122,Astra,restock.astra@gmail.com
1890,107,Harbor,restock.habor99@yahoo.com
1891,112,Nimbus,replenish.nimbus@cloudmail.net
1892,211,Willow,orders.willow@treehouse.com
1893,220,Orion,restock@orionteam.com
1894,234,NeoTech,order@neotechsolutions.com
1895,140,GreenLeaf,orders.greenleaf@naturemail.com
1896,422,Everest,order.everest@businessmail.com
1897,378,Nimbus,replenish.nimbus@cloudmail.net
1898,206,Astra,restock.astra@gmail.com
1899,258,Everest,order.everest@businessmail.com
1900,474,NeoTech,order@neotechsolutions.com
1901,130,Nimbus,replenish.nimbus@cloudmail.net
1902,442,Acme,restock.acme123@outlook.com
1903,407,Everest,order.everest@businessmail.com
1904,426,Everest,order.everest@businessmail.com
1905,406,GreenLeaf,orders.greenleaf@naturemail.com
1906,442,GreenLeaf,orders.greenleaf@naturemail.com
1907,370,Nimbus,replenish.nimbus@cloudmail.net
1908,225,Nimbus,replenish.nimbus@cloudmail.net
1909,449,Orion,restock@orionteam.com
1910,161,Nimbus,replenish.nimbus@cloudmail.net
1911,199,Solace,replenish.solace@wellnesshub.com
1912,374,NeoTech,order@neotechsolutions.com
1913,388,NeoTech,order@neotechsolutions.com
1914,273,Astra,restock.astra@gmail.com
1915,340,Solace,replenish.solace@wellnesshub.com
1916,447,GreenLeaf,orders.greenleaf@naturemail.com
1917,275,Everest,order.everest@businessmail.com
1918,402,Harbor,restock.habor99@yahoo.com
1919,195,GreenLeaf,orders.greenleaf@naturemail.com
1920,430,Pulse,supply.pulse@serviceprovider.com
1921,370,GreenLeaf,orders.greenleaf@naturemail.com
1922,140,Acme,restock.acme123@outlook.com
1923,364,Solace,replenish.solace@wellnesshub.com
1924,362,Acme,restock.acme123@outlook.com
1925,232,Willow,orders.willow@treehouse.com
1926,469,GreenLeaf,orders.greenleaf@naturemail.com
1927,273,Pulse,supply.pulse@serviceprovider.com
1928,372,Everest,order.everest@businessmail.com
1929,466,Willow,orders.willow@treehouse.com
1930,136,Harbor,restock.habor99@yahoo.com
1931,497,Orion,restock@orionteam.com
1932,150,NeoTech,order@neotechsolutions.com
1933,258,Zenith,supply.zenith@zenithworks.com
1934,477,NeoTech,order@neotechsolutions.com
1935,443,NeoTech,order@neotechsolutions.com
1936,450,Nimbus,replenish.nimbus@cloudmail.net
1937,252,Pulse,supply.pulse@serviceprovider.com
1938,402,Harbor,restock.habor99@yahoo.com
1939,295,Solace,replenish.solace@wellnesshub.com
1940,393,Acme,restock.acme123@outlook.com
1941,137,Astra,restock.astra@gmail.com
1942,155,Everest,order.everest@businessmail.com
1943,479,Nimbus,replenish.nimbus@cloudmail.net
1944,304,Nimbus,replenish.nimbus@cloudmail.net
1945,137,Astra,restock.astra@gmail.com
1946,206,Solace,replenish.solace@wellnesshub.com
1947,404,Acme,restock.acme123@outlook.com
1948,484,GreenLeaf,orders.greenleaf@naturemail.com
1949,233,Astra,restock.astra@gmail.com
1950,378,Pulse,supply.pulse@serviceprovider.com
1951,103,Willow,orders.willow@treehouse.com
1952,372,GreenLeaf,orders.greenleaf@naturemail.com
1953,268,Orion,restock@orionteam.com
1954,281,Astra,restock.astra@gmail.com
1955,421,Astra,restock.astra@gmail.com
1956,275,Nimbus,replenish.nimbus@cloudmail.net
1957,225,Zenith,supply.zenith@zenithworks.com
1958,373,Willow,orders.willow@treehouse.com
1959,395,Everest,order.everest@businessmail.com
1960,214,Orion,restock@orionteam.com
1961,242,NeoTech,order@neotechsolutions.com
1962,160,Everest,order.everest@businessmail.com
1963,271,Orion,restock@orionteam.com
1964,490,Willow,orders.willow@treehouse.com
1965,290,Orion,restock@orionteam.com
1966,465,Astra,restock.astra@gmail.com
1967,219,Harbor,restock.habor99@yahoo.com
1968,352,Nimbus,replenish.nimbus@cloudmail.net
1969,307,Pulse,supply.pulse@serviceprovider.com
1970,427,Astra,restock.astra@gmail.com
1971,283,Everest,order.everest@businessmail.com
1972,158,Pulse,supply.pulse@serviceprovider.com
1973,332,Pulse,supply.pulse@serviceprovider.com
1974,401,Astra,restock.astra@gmail.com
1975,351,Orion,restock@orionteam.com
1976,398,Orion,restock@orionteam.com
1977,371,Solace,replenish.solace@wellnesshub.com
1978,455,Willow,orders.willow@treehouse.com
1979,337,NeoTech,order@neotechsolutions.com
1980,434,Solace,replenish.solace@wellnesshub.com
1981,152,Pulse,supply.pulse@serviceprovider.com
1982,162,Harbor,restock.habor99@yahoo.com
1983,446,Willow,orders.willow@treehouse.com
1984,426,Willow,orders.willow@treehouse.com
1985,447,Solace,replenish.solace@wellnesshub.com
1986,147,Willow,orders.willow@treehouse.com
1987,188,Astra,restock.astra@gmail.com
1988,340,Acme,restock.acme123@outlook.com
1989,340,GreenLeaf,orders.greenleaf@naturemail.com
1990,137,Zenith,supply.zenith@zenithworks.com
1991,208,Nimbus,replenish.nimbus@cloudmail.net
1992,122,Astra,restock.astra@gmail.com
1993,483,Zenith,supply.zenith@zenithworks.com
1994,467,GreenLeaf,orders.greenleaf@naturemail.com
1995,235,Willow,orders.willow@treehouse.com
1996,412,NeoTech,order@neotechsolutions.com
1997,138,Zenith,supply.zenith@zenithworks.com
1998,368,Solace,replenish.solace@wellnesshub.com
1999,355,Willow,orders.willow@treehouse.com
2000,115,Harbor,restock.habor99@yahoo.com
